455616242180.32,-0.26875791122437,0.01642775009369,0.12309482124732,1,2,4,3.2,32,37,44,7,4.1,5,7,13,167
455616242190.32,-0.26973058502364,0.01605576420367,0.12371376970017,0.5,2,4,3.2,32,37,44,7,4.1,5,7,13,167
455616242200.35,-0.27111016676579,0.01576044331592,0.12480538532595,1,2,4,3.2,32,37,44,7,4.1,5,7,13,167
455616242210.36,-0.27300805470216,0.01562641591553,0.12626460901446,1,2,4,3.2,32,37,44,7,4.1,5,7,13,167
455616242220.36,-0.27876357102578,0.01607117693246,0.13299983915601,0.5,2,4,3.2,32,37,44,7,4.1,5,7,13,167
455616242230.37,-0.28082671518088,0.01594958082852,0.13456017008093,0,2,4,3.2,32,37,44,7,4.1,5,7,13,167
455616242240.38,-0.28308263652998,0.01567817608586,0.13605396704566,0.5,2,4,3.2,32,37,44,7,4.1,5,7,13,167
455616242250.39,-0.28855654515492,0.01586929139610,0.14232518422869,0,2,4,3.2,32,37,44,7,4.1,5,7,13,167
455616242260.40,-0.29249404819061,0.01601926201231,0.14605180308505,0.5,2,4,3.2,32,37,44,7,4.1,5,7,13,167
455616242270.41,-0.29528638926921,0.01616826298265,0.14890850206368,0.5,2,4,3.2,32,37,44,7,4.1,5,7,13,167
455616242280.42,-0.29753462922084,0.01620257289530,0.15125858115881,1,2,4,3.2,32,37,44,7,4.1,5,7,13,167
455616242290.43,-0.30023116803103,0.01634999188035,0.15669249456289,1,2,4,3.2,32,37,44,7,4.1,5,7,13,167
455616242300.44,-0.30450712475036,0.01645457402220,0.15874076740046,0,2,4,3.2,32,37,44,7,4.1,5,7,13,167
455616242310.45,-0.30809837682669,0.01602360591201,0.16079172723641,1,2,4,3.2,32,37,44,7,4.1,5,7,13,167
455616242320.45,-0.31032569165831,0.01570972099538,0.16345373871079,1,2,4,3.2,32,37,44,7,4.1,5,7,13,167
455616242330.45,-0.31037893509527,0.01583831820686,0.16410953877618,1,2,4,3.2,32,37,44,7,4.1,5,7,13,167
455616242340.48,-0.31208558636322,0.01800848899822,0.16179797954275,0,2,4,3.2,32,37,44,7,4.1,5,7,13,167
455616242350.48,-0.31337281305042,0.02145789911140,0.16030077094158,1,2,4,3.2,32,37,44,7,4.1,5,7,13,167
455616242360.49,-0.31489745992591,0.02519805108899,0.15857843060459,0,2,4,3.2,32,37,44,7,4.1,5,7,13,167
455616242370.51,-0.31935694963403,0.02894782123695,0.15687542225785,0.5,2,4,3.2,32,37,44,7,4.1,5,7,13,167
455616242380.50,-0.32436477693328,0.03229126657142,0.15545970179597,0.5,2,4,3.2,32,37,44,7,4.1,5,7,13,167
455616242390.51,-0.33058944151763,0.03566295435979,0.15467472168320,1,2,4,3.2,32,37,44,7,4.1,5,7,13,167
455616242400.54,-0.33754356451195,0.03927310336664,0.15411976672342,1,2,4,3.2,32,37,44,7,4.1,5,7,13,167
455616242410.54,-0.34536851270895,0.04330633486161,0.15391143202471,1,2,4,3.2,32,37,44,7,4.1,5,7,13,167
455616242420.55,-0.35331439907403,0.04766908960547,0.15335189527468,1,2,4,3.2,32,37,44,7,4.1,5,7,13,167
455616242430.57,-0.36114376666220,0.05222882623096,0.15283746040955,1,2,4,3.2,32,37,44,7,4.1,5,7,13,167
455616242440.59,-0.36785247549453,0.05662851155570,0.15227009180837,1,2,4,3.2,32,37,44,7,4.1,5,7,13,167
455616242450.60,-0.37379094151654,0.06042844779537,0.15225215499521,1,2,4,3.2,32,37,44,7,4.1,5,7,13,167
455616242460.60,-0.37652377871139,0.06281925648156,0.15090273964022,0.5,2,4,3.2,32,37,44,7,4.1,5,7,13,167
455616242470.62,-0.37709441884790,0.06388725410895,0.14914820589434,1,2,4,3.2,32,37,44,7,4.1,5,7,13,167
455616242480.63,-0.37528086595236,0.06379769985663,0.14728378730291,0,2,4,3.2,32,37,44,7,4.1,5,7,13,167
455616242490.63,-0.37491600799828,0.06345927777064,0.14646392040099,0,2,4,3.2,32,37,44,7,4.1,5,7,13,167
455616242500.57,-0.36958210971069,0.06228262687551,0.14471356441358,0,2,4,3.2,32,37,44,7,4.1,5,7,13,167
455616242510.58,-0.36360897559101,0.06100767959393,0.14339942702806,0,2,4,3.2,32,37,44,7,4.1,5,7,13,167
455616242520.59,-0.35861786631041,0.05979429524403,0.14247134074468,1,2,4,3.2,32,37,44,7,4.1,5,7,13,167
455616242530.60,-0.35536023696258,0.05881043169990,0.14281843259672,0.5,2,4,3.2,32,37,44,7,4.1,5,7,13,167
455616242540.61,-0.35324719509207,2.80348808745260,0.14317833869199,0,2,4,3.2,32,37,44,7,4.1,5,7,13,167
455616242550.62,-0.35188303446245,2.80319051476040,0.14420550098619,0.5,2,4,3.2,32,37,44,7,4.1,5,7,13,167
455616242560.63,-0.35055535801999,2.80304456166790,0.14572697830924,0,2,4,3.2,32,37,44,7,4.1,5,7,13,167
455616242570.64,-0.35299639160703,2.80332464270680,0.15015717774365,0.5,2,4,3.2,32,37,44,7,4.1,5,7,13,167
455616242580.66,-0.35006858059788,2.80261662669460,0.15200659431818,0,2,4,3.2,32,37,44,7,4.1,5,7,13,167
455616242590.66,-0.34669457181760,2.80159176939190,0.15327203373232,0.5,2,4,3.2,32,37,44,7,4.1,5,7,13,167
455616242600.67,-0.34351368432375,2.80025755323690,0.15341553291001,0,2,4,3.2,32,37,44,7,4.1,5,7,13,167
455616242610.67,-0.34466979678254,2.79898324751130,0.15613043541501,0,2,4,3.2,32,37,44,7,4.1,5,7,13,167
455616242620.69,-0.34333591709491,2.79681638788580,0.15477100187062,0,2,4,3.2,32,37,44,7,4.1,5,7,13,167
455616242630.70,-0.34600576612101,2.79489280367500,0.15306530538373,1,2,4,3.2,32,37,44,7,4.1,5,7,13,167
455616242640.72,-0.35570334141245,2.79336808480560,0.15160808070709,0,2,4,3.2,32,37,44,7,4.1,5,7,13,167
455616242650.72,-0.37322361021426,2.79254726407820,0.15133094801607,0,2,4,3.2,32,37,44,7,4.1,5,7,13,167
455616242660.73,-0.39846724044809,2.79289808033210,0.15282516149524,0,2,4,3.2,32,37,44,7,4.1,5,7,13,167
455616242670.73,-0.43051901054694,2.79432236369510,0.15626829596799,0.5,2,4,3.2,32,37,44,7,4.1,5,7,13,167
455616242680.75,-0.46711838301891,2.79658905052570,0.16179737263791,0.5,2,4,3.2,32,37,44,7,4.1,5,7,13,167
455616242690.76,-0.50626671335061,2.79973086744640,0.16861847648753,1,2,4,3.2,32,37,44,7,4.1,5,7,13,167
455616242700.77,-0.54639986466965,2.80318397459570,0.17562756062040,0,2,4,3.2,32,37,44,7,4.1,5,7,13,167
455616242710.78,-0.58697980923447,2.80615266821230,0.18240746679996,0.5,2,4,3.2,32,37,44,7,4.1,5,7,13,167
455616242720.79,-0.62977117368923,2.80785471774620,0.18934837795431,0.5,2,4,3.2,32,37,44,7,4.1,5,7,13,167
455616242730.79,-0.67597675659509,2.80803131723360,0.19768215115616,1,2,4,3.2,32,37,44,7,4.1,5,7,13,167
455616242740.81,-0.72638492456235,2.80662702822620,0.20840946491201,1,2,4,3.2,32,37,44,7,4.1,5,7,13,167
455616242750.82,-0.78496876842458,2.80360469029310,0.22315407759374,1,2,4,3.2,32,37,44,7,4.1,5,7,13,167
455616242760.83,-0.85410280951574,2.79984010484050,0.24387828168510,0.5,2,4,3.2,32,37,44,7,4.1,5,7,13,167
455616242770.84,-0.93112510591723,2.79743308681410,0.27052394142092,0.5,2,4,3.2,32,37,44,7,4.1,5,7,13,167
455616242780.85,-1.00924331681790,2.79643588263620,0.29983779474641,0,2,4,3.2,32,37,44,7,4.1,5,7,13,167
455616242790.87,-1.08113125029840,2.79551119495290,0.32777815744359,0.5,2,4,3.2,32,37,44,7,4.1,5,7,13,167
455616242800.88,-1.13862186731620,2.79367860386520,0.35080454042986,0,2,4,3.2,32,37,44,7,4.1,5,7,13,167
455616242810.88,-1.17434233405780,2.78987626100100,0.36534459351381,0,2,4,3.2,32,37,44,7,4.1,5,7,13,167
455616242820.89,-1.18485042128380,2.78263880064500,0.37055005013762,0.5,2,4,3.2,32,37,44,7,4.1,5,7,13,167
455616242830.91,-1.17383376055020,2.77278723369430,0.36864822646028,0.5,2,4,3.2,32,37,44,7,4.1,5,7,13,167
455616242840.91,-1.14853496696120,2.76294390468480,0.36256379586070,0,2,4,3.2,32,37,44,7,4.1,5,7,13,167
455616242850.92,-1.11544097608070,2.75557866152860,0.35525966422067,0.5,2,4,3.2,32,37,44,7,4.1,5,7,13,167
455616242860.93,-1.07988179939920,2.75190567482790,0.34883519611986,1,2,4,3.2,32,37,44,7,4.1,5,7,13,167
455616242870.93,-1.04337140633750,2.75151227703310,0.34359894239523,0,2,4,3.2,32,37,44,7,4.1,5,7,13,167
455616242880.95,-1.00494333179220,2.75277823619410,0.33843410265931,0,2,4,3.2,32,37,44,7,4.1,5,7,13,167
455616242890.96,-0.96457470390337,2.75385337024500,0.33193488958709,0,2,4,3.2,32,37,44,7,4.1,5,7,13,167
455616242900.97,-0.92138333709291,2.75310189749380,0.32286101253299,0,2,4,3.2,32,37,44,7,4.1,5,7,13,167
455616242910.98,-0.87639467600722,2.75031287515500,0.31074272653484,0,2,4,3.2,32,37,44,7,4.1,5,7,13,167
455616242920.99,-0.83115195079631,2.74627877646280,0.29594334047462,1,2,4,3.2,32,37,44,7,4.1,5,7,13,167
455616242931.00,-0.78783800826074,2.74284502954740,0.27880133313541,0.5,2,4,3.2,32,37,44,7,4.1,5,7,13,167
455616242941.01,-0.74875933770277,2.74096398875500,0.26048529379510,1,2,4,3.2,32,37,44,7,4.1,5,7,13,167
455616242951.02,-0.71687798809419,2.74153197758890,0.24284210552627,0,2,4,3.2,32,37,44,7,4.1,5,7,13,167
455616242961.03,-0.69580750734244,2.74556852278330,0.22790022839641,0,2,4,3.2,32,37,44,7,4.1,5,7,13,167
455616242971.04,-0.69095967930448,2.75242667469600,0.21856670184288,0.5,2,4,3.2,32,37,44,7,4.1,5,7,13,167
455616242981.05,-0.70941945291283,2.76219894863390,0.21856220910404,0.5,2,4,3.2,32,37,44,7,4.1,5,7,13,167
455616242991.06,-0.75620060749007,2.77301849597610,0.23060216957878,1,2,4,3.2,32,37,44,7,4.1,5,7,13,167
455616243001.07,-0.83398718053996,2.78371608560890,0.25567663401835,0.5,2,4,3.2,32,37,44,7,4.1,5,7,13,167
455616243011.08,-0.93668238848274,2.79558937099780,0.29201971641184,1,2,4,3.2,32,37,44,7,4.1,5,7,13,167
455616243021.09,-1.05223796743730,2.81114750888580,0.33476614686118,0,2,4,3.2,32,37,44,7,4.1,5,7,13,167
455616243031.10,-1.16759406272140,2.83224465065290,0.37867361669673,0,2,4,3.2,32,37,44,7,4.1,5,7,13,167
455616243041.11,-1.26623679925320,2.85633509189470,0.41640874174398,0,2,4,3.2,32,37,44,7,4.1,5,7,13,167
455616243051.12,-1.32767911455120,2.87461469791740,0.43967236847932,1,2,4,3.2,32,37,44,7,4.1,5,7,13,167
455616243061.13,-1.33413962041890,2.87594148384540,0.44358375894328,0.5,2,4,3.2,32,37,44,7,4.1,5,7,13,167
455616243071.16,-1.28950653171970,2.85726118926750,0.42978506199176,1,2,4,3.2,32,37,44,7,4.1,5,7,13,167
455616243081.16,-1.21935218321200,2.82985510355400,0.40456807285543,0.5,2,4,3.2,32,37,44,7,4.1,5,7,13,167
455616243091.16,-1.15054254460160,2.80562673239320,0.37660589394636,1,2,4,3.2,32,37,44,7,4.1,5,7,13,167
455616243101.16,-1.10592792285570,2.78916986942950,0.35480407900737,0.5,2,4,3.2,32,37,44,7,4.1,5,7,13,167
455616243111.17,-1.10294713521690,2.78224704468610,0.34592877087290,1,2,4,3.2,32,37,44,7,4.1,5,7,13,167
455616243121.18,-1.14198686559160,2.78649579884810,0.35146554400118,0.5,2,4,3.2,32,37,44,7,4.1,5,7,13,167
455616243131.20,-1.20715153514130,2.80154847658100,0.36701069970790,0.5,2,4,3.2,32,37,44,7,4.1,5,7,13,167
455616243141.21,-1.27758539942680,2.82401361833430,0.38493594041360,1,2,4,3.2,32,37,44,7,4.1,5,7,13,167
455616243151.22,-1.32998503433870,2.84717375193260,0.39683148291628,1,2,4,3.2,32,37,44,7,4.1,5,7,13,167
455616243161.23,-1.34492067255000,2.86291087265140,0.39679293326983,1,1,8,2.2,34,35,41,3,3.657,2,4,5,121
455616243171.24,-1.31923443882270,2.86780479612080,0.38474748246482,0,1,8,2.2,34,35,41,3,3.657,2,4,5,121
455616243181.25,-1.26816284355640,2.86677015838320,0.36506617163079,1,1,8,2.2,34,35,41,3,3.657,2,4,5,121
455616243191.27,-1.21266437211190,2.86673054204300,0.34425227228318,0,1,8,2.2,34,35,41,3,3.657,2,4,5,121
455616243201.27,-1.16713883893000,2.86924833358350,0.32898534106414,1,1,8,2.2,34,35,41,3,3.657,2,4,5,121
455616243211.28,-1.14293525159530,2.87129095869660,0.32418245045716,0.5,1,8,2.2,34,35,41,3,3.657,2,4,5,121
455616243221.29,-1.14967368465700,2.87176579368770,0.33200162575362,0.5,1,8,2.2,34,35,41,3,3.657,2,4,5,121
455616243231.30,-1.18378707874580,2.87173729174060,0.35006992602854,1,1,8,2.2,34,35,41,3,3.657,2,4,5,121
455616243241.31,-1.22992869502900,2.87106608400030,0.37259640479547,1,1,8,2.2,34,35,41,3,3.657,2,4,5,121
455616243251.32,-1.26758025884010,2.86864551135020,0.39246472622042,1,1,8,2.2,34,35,41,3,3.657,2,4,5,121
455616243261.32,-1.27605383741720,2.86097931543900,0.40328723626375,1,1,8,2.2,34,35,41,3,3.657,2,4,5,121
455616243271.34,-1.24752434643170,2.84524724741440,0.40237567379627,0,1,8,2.2,34,35,41,3,3.657,2,4,5,121
455616243281.34,-1.19406454890270,2.82604263825720,0.39277633886063,0,1,8,2.2,34,35,41,3,3.657,2,4,5,121
455616243291.35,-1.13654938219560,2.81131231084550,0.38057180507491,0,1,8,2.2,34,35,41,3,3.657,2,4,5,121
455616243301.38,-1.09179411028510,2.80372402445040,0.37233143563326,0,1,8,2.2,34,35,41,3,3.657,2,4,5,121
455616243311.37,-1.06934040332690,2.80008567201090,0.37261602496174,1,1,8,2.2,34,35,41,3,3.657,2,4,5,121
455616243321.38,-1.07060321653210,2.79689145256360,0.38229773663782,0.5,1,8,2.2,34,35,41,3,3.657,2,4,5,121
455616243331.40,-1.08778343449680,2.79334120293860,0.39847684638554,1,1,8,2.2,34,35,41,3,3.657,2,4,5,121
455616243341.42,-1.11237733088730,2.79020628017590,0.41707379856083,1,1,8,2.2,34,35,41,3,3.657,2,4,5,121
455616243351.43,-1.13795671299570,2.78949425497250,0.43455460291385,1,1,8,2.2,34,35,41,3,3.657,2,4,5,121
455616243361.44,-1.15654997446520,2.79250805918660,0.44637599685539,0,1,8,2.2,34,35,41,3,3.657,2,4,5,121
455616243371.45,-1.16160595434270,2.79790240376950,0.44845950089233,0.5,1,8,2.2,34,35,41,3,3.657,2,4,5,121
455616243381.45,-1.15335966741510,2.80536709879470,0.44043293242413,0.5,1,8,2.2,34,35,41,3,3.657,2,4,5,121
455616243391.45,-1.13537310557660,2.81583014223010,0.42508940342268,0.5,1,8,2.2,34,35,41,3,3.657,2,4,5,121
455616243401.48,-1.11432707367500,2.82947317721120,0.40686689299334,0.5,1,8,2.2,34,35,41,3,3.657,2,4,5,121
455616243411.48,-1.09750040913420,2.84623311641430,0.39094940542826,1,1,8,2.2,34,35,41,3,3.657,2,4,5,121
455616243421.49,-1.08925852723900,2.86346589289260,0.38150424489015,1,1,8,2.2,34,35,41,3,3.657,2,4,5,121
455616243431.51,-1.09229539827170,2.87634859009770,0.38065642776115,1,1,8,2.2,34,35,41,3,3.657,2,4,5,121
455616243441.51,-1.10646262473180,2.88130364273900,0.38829720261118,0.5,1,8,2.2,34,35,41,3,3.657,2,4,5,121
455616243451.54,-1.12668796601810,2.87718152331750,0.40183460789577,0,1,8,2.2,34,35,41,3,3.657,2,4,5,121
455616243461.55,-1.14729933043710,2.86572898463190,0.41877713586655,0,1,8,2.2,34,35,41,3,3.657,2,4,5,121
455616243471.56,-1.16312532349500,2.85008959219710,0.43719442932227,1,1,8,2.2,34,35,41,3,3.657,2,4,5,121
455616243481.55,-1.17252740347920,2.83283581682190,0.45531297914744,0,1,8,2.2,34,35,41,3,3.657,2,4,5,121
455616243491.57,-1.17585048937700,2.81553258964820,0.47140410291873,0.5,1,8,2.2,34,35,41,3,3.657,2,4,5,121
455616243501.57,-1.17058655928170,2.79916877289310,0.48185841492065,0.5,1,8,2.2,34,35,41,3,3.657,2,4,5,121
455616243511.57,-1.15433868516460,2.78414486040480,0.48220138436946,1,1,8,2.2,34,35,41,3,3.657,2,4,5,121
455616243521.60,-1.12942356551340,2.77214873895280,0.47133088194054,1,1,8,2.2,34,35,41,3,3.657,2,4,5,121
455616243531.60,-1.10192628770250,2.76595864838890,0.45202337286802,0,1,8,2.2,34,35,41,3,3.657,2,4,5,121
455616243541.60,-1.07849267773960,2.76796285466660,0.42890028845273,0.5,1,8,2.2,34,35,41,3,3.657,2,4,5,121
455616243551.63,-1.06153645462890,2.77971472746710,0.40550960743921,1,1,8,2.2,34,35,41,3,3.657,2,4,5,121
455616243561.64,-1.05069817875560,2.80126198510190,0.38369218861554,0.5,1,8,2.2,34,35,41,3,3.657,2,4,5,121
455616243571.65,-1.04158416140720,2.82769952598860,0.36500045134183,0,1,8,2.2,34,35,41,3,3.657,2,4,5,121
455616243581.66,-1.02865216365640,2.85098154014280,0.35253595579379,0.5,1,8,2.2,34,35,41,3,3.657,2,4,5,121
455616243591.66,-1.00953340125160,2.86475487543940,0.34882181718838,0.5,1,8,2.2,34,35,41,3,3.657,2,4,5,121
455616243601.68,-0.98732364513132,2.86713450468370,0.35359575835361,1,1,8,2.2,34,35,41,3,3.657,2,4,5,121
455616243611.69,-0.96638550528517,2.86078186870060,0.36383601500347,0.5,1,8,2.2,34,35,41,3,3.657,2,4,5,121
455616243621.70,-0.94790563638776,2.85005890594590,0.37542894229718,1,1,8,2.2,34,35,41,3,3.657,2,4,5,121
455616243631.71,-0.92877845109934,2.83659454574480,0.38518976944632,1,1,8,2.2,34,35,41,3,3.657,2,4,5,121
455616243641.72,-0.90422541224038,2.82003000850420,0.39053820415014,0,1,8,2.2,34,35,41,3,3.657,2,4,5,121
455616243651.73,-0.87261169568741,2.80199486722710,0.38923070034255,0.5,1,8,2.2,34,35,41,3,3.657,2,4,5,121
455616243661.73,-0.83826993432762,2.78638647870210,0.38104140109081,1,1,8,2.2,34,35,41,3,3.657,2,4,5,121
455616243671.75,-0.80871488137059,2.77664135142300,0.36703564317280,1,1,8,2.2,34,35,41,3,3.657,2,4,5,121
455616243681.75,-0.78807998726102,2.77353657251410,0.34928415252107,0,1,8,2.2,34,35,41,3,3.657,2,4,5,121
455616243691.77,-0.78131107263194,2.77778398787070,0.33134025252502,0.5,1,8,2.2,34,35,41,3,3.657,2,4,5,121
455616243701.79,-0.79186413497459,2.79073300747880,0.31717982477353,1,1,8,2.2,34,35,41,3,3.657,2,4,5,121
455616243711.79,-0.81739943330614,2.81078041686080,0.30882430091002,0,1,8,2.2,34,35,41,3,3.657,2,4,5,121
455616243721.80,-0.85027970763996,2.83183914598950,0.30828405472250,0,1,8,2.2,34,35,41,3,3.657,2,4,5,121
455616243731.82,-0.88460647888178,2.84848132249640,0.31734691820094,1,1,8,2.2,34,35,41,3,3.657,2,4,5,121
455616243741.82,-0.91975546139348,2.85950128967610,0.33354974659298,1,1,8,2.2,34,35,41,3,3.657,2,4,5,121
455616243751.83,-0.95213510990257,2.86546599136240,0.35170579629109,1,1,8,2.2,34,35,41,3,3.657,2,4,5,121
455616243761.84,-0.97574170899926,2.86658503141110,0.36781132815725,1,1,8,2.2,34,35,41,3,3.657,2,4,5,121
455616243771.85,-0.98379233165189,2.86187362323730,0.37973966583805,0,1,8,2.2,34,35,41,3,3.657,2,4,5,121
455616243781.86,-0.97209013563070,2.84973161083960,0.38637376419319,1,1,8,2.2,34,35,41,3,3.657,2,4,5,121
455616243791.87,-0.94466696722290,2.83035564194750,0.38814274831575,1,1,8,2.2,34,35,41,3,3.657,2,4,5,121
455616243801.88,-0.91155460821289,2.80779876786440,0.38645735020272,0.5,1,8,2.2,34,35,41,3,3.657,2,4,5,121
455616243811.89,-0.88341184418271,2.78744174393910,0.38286984640997,1,1,8,2.2,34,35,41,3,3.657,2,4,5,121
455616243821.90,-0.86869252083257,2.77394405807830,0.37872870323679,0.5,1,8,2.2,34,35,41,3,3.657,2,4,5,121
455616243831.91,-0.86975168721994,2.76873850480280,0.37451769336213,0,1,8,2.2,34,35,41,3,3.657,2,4,5,121
455616243841.92,-0.88193302687409,2.77044720522540,0.36843786375980,0,1,8,2.2,34,35,41,3,3.657,2,4,5,121
455616243851.93,-0.90019545035937,2.77894505262470,0.35842804477922,0.5,1,8,2.2,34,35,41,3,3.657,2,4,5,121
455616243861.94,-0.92205606731710,2.79505690820310,0.34437553830303,0.5,1,8,2.2,34,35,41,3,3.657,2,4,5,121
455616243871.95,-0.94374480235485,2.81669274541330,0.32813001520949,1,1,8,2.2,34,35,41,3,3.657,2,4,5,121
455616243881.96,-0.96085849812890,2.83919778520580,0.31319288364710,0,1,8,2.2,34,35,41,3,3.657,2,4,5,121
455616243891.97,-0.97145662606795,2.85745620678960,0.30417535609694,0,1,8,2.2,34,35,41,3,3.657,2,4,5,121
455616243901.99,-0.97562987590464,2.86732281655730,0.30503135422279,1,1,8,2.2,34,35,41,3,3.657,2,4,5,121
455616243911.99,-0.97641454431671,2.86839871223720,0.31477922382550,0,1,8,2.2,34,35,41,3,3.657,2,4,5,121
455616243922.00,-0.97571613972807,2.86327937277260,0.32924074009170,1,1,8,2.2,34,35,41,3,3.657,2,4,5,121
455616243932.01,-0.97294079842751,2.85414624732700,0.34519695764928,1,1,8,2.2,34,35,41,3,3.657,2,4,5,121
455616243942.02,-0.96576954326041,2.84134901375550,0.36119789561865,1,1,8,2.2,34,35,41,3,3.657,2,4,5,121
455616243952.03,-0.95172401855853,2.82434937567540,0.37691701302190,0,1,8,2.2,34,35,41,3,3.657,2,4,5,121
455616243962.04,-0.93170818794899,2.80442636399820,0.39139558625196,1,1,8,2.2,34,35,41,3,3.657,2,4,5,121
455616243972.06,-0.91134723527421,2.78619565983550,0.40243267161899,1,1,8,2.2,34,35,41,3,3.657,2,4,5,121
455616243982.07,-0.89789434342228,2.77475751779260,0.40841361876693,0.5,1,8,2.2,34,35,41,3,3.657,2,4,5,121
455616243992.07,-0.89448580339795,2.77258449409070,0.40871556691371,0.5,1,8,2.2,34,35,41,3,3.657,2,4,5,121
455616244002.08,-0.89607963979854,2.77718804984210,0.40209982619303,0,1,8,2.2,34,35,41,3,3.657,2,4,5,121
455616244012.09,-0.89915709227534,2.78652236317050,0.38774004962779,0,1,8,2.2,34,35,41,3,3.657,2,4,5,121
455616244022.10,-0.90893545397883,2.80327387678520,0.36810685844990,0,1,8,2.2,34,35,41,3,3.657,2,4,5,121
455616244032.11,-0.92726937104723,2.82921180510890,0.34645281882441,1,1,8,2.2,34,35,41,3,3.657,2,4,5,121
455616244042.12,-0.95354834044239,2.86140206206970,0.32353998931384,1,1,8,2.2,34,35,41,3,3.657,2,4,5,121
455616244052.13,-0.98587574558879,2.89449919154570,0.30211077450235,1,1,8,2.2,34,35,41,3,3.657,2,4,5,121
455616244062.14,-1.02067940266170,2.92195102385720,0.28721144388717,1,1,8,2.2,34,35,41,3,3.657,2,4,5,121
455616244072.15,-1.05342753878910,2.93886742883530,0.28338400287818,0.5,1,8,2.2,34,35,41,3,3.657,2,4,5,121
455616244082.16,-1.07702730016920,2.94439089239500,0.29040937768079,1,1,8,2.2,34,35,41,3,3.657,2,4,5,121
455616244092.17,-1.08740093146180,2.94070151133160,0.30284539714193,1,1,8,2.2,34,35,41,3,3.657,2,4,5,121
455616244102.18,-1.08441412402130,2.93019080436760,0.31482436353949,0,1,8,2.2,34,35,41,3,3.657,2,4,5,121
455616244112.19,-1.06791029823900,2.91447993525080,0.32384974835266,1,1,8,2.2,34,35,41,3,3.657,2,4,5,121
455616244122.22,-1.03930167135310,2.89435563897160,0.33080941182100,0,1,8,2.2,34,35,41,3,3.657,2,4,5,121
455616244132.22,-1.00200466025810,2.87007287308350,0.33740200471517,0,1,8,2.2,34,35,41,3,3.657,2,4,5,121
455616244142.22,-0.95956245192409,2.84180626053890,0.34442691399121,1,1,8,2.2,34,35,41,3,3.657,2,4,5,121
455616244152.22,-0.91646734389510,2.81118097455330,0.35136244574948,1,1,8,2.2,34,35,41,3,3.657,2,4,5,121
455616244162.23,-0.87814325188247,2.78234919070930,0.35674793070471,0.5,1,5,2.78,36.7,39.6,47.2,4.356,3.14,3,0,14,119.123
455616244172.24,-0.85117982420696,2.76106761973120,0.35792833249757,0.5,1,5,2.78,36.7,39.6,47.2,4.356,3.14,3,0,14,119.123
455616244182.26,-0.83722411140775,2.75088188862290,0.35287477610917,0.5,1,5,2.78,36.7,39.6,47.2,4.356,3.14,3,0,14,119.123
455616244192.26,-0.83233074011487,2.75113854290520,0.34169494626624,0,1,5,2.78,36.7,39.6,47.2,4.356,3.14,3,0,14,119.123
455616244202.27,-0.83631663369697,2.76318503549290,0.32552638795080,0.5,1,5,2.78,36.7,39.6,47.2,4.356,3.14,3,0,14,119.123
455616244212.28,-0.84706029987193,2.78567276619060,0.30466232978170,0,1,5,2.78,36.7,39.6,47.2,4.356,3.14,3,0,14,119.123
455616244222.29,-0.86286342429359,2.81517197900400,0.28078378922187,0,1,5,2.78,36.7,39.6,47.2,4.356,3.14,3,0,14,119.123
455616244232.31,-0.88321439169805,2.84741115999400,0.25665094847410,0.5,1,5,2.78,36.7,39.6,47.2,4.356,3.14,3,0,14,119.123
455616244242.31,-0.91156527825280,2.87776179627730,0.23623254834836,0,1,5,2.78,36.7,39.6,47.2,4.356,3.14,3,0,14,119.123
455616244252.32,-0.95196943144269,2.90342079492460,0.22625479151969,0.5,1,5,2.78,36.7,39.6,47.2,4.356,3.14,3,0,14,119.123
455616244262.34,-1.00434056746770,2.92492356417390,0.23260134786049,1,1,5,2.78,36.7,39.6,47.2,4.356,3.14,3,0,14,119.123
455616244272.35,-1.06653248558740,2.94514517271850,0.25382753802014,1,1,5,2.78,36.7,39.6,47.2,4.356,3.14,3,0,14,119.123
455616244282.36,-1.13346308809300,2.96621601631430,0.28328650469326,0,1,5,2.78,36.7,39.6,47.2,4.356,3.14,3,0,14,119.123
455616244292.37,-1.19584755769770,2.98794403416460,0.31376940496047,0,1,5,2.78,36.7,39.6,47.2,4.356,3.14,3,0,14,119.123
455616244302.38,-1.24244048827510,3.00694007112950,0.33977310957210,1,1,5,2.78,36.7,39.6,47.2,4.356,3.14,3,0,14,119.123
455616244312.39,-1.26392942577660,3.01699557825760,0.35929231195679,1,1,5,2.78,36.7,39.6,47.2,4.356,3.14,3,0,14,119.123
455616244322.39,-1.25580658012220,3.01291557784470,0.37330629354462,0.5,1,5,2.78,36.7,39.6,47.2,4.356,3.14,3,0,14,119.123
455616244332.41,-1.22136469031140,2.99363336306390,0.38356290858440,0.5,1,5,2.78,36.7,39.6,47.2,4.356,3.14,3,0,14,119.123
455616244342.42,-1.16957007792910,2.96236911818250,0.39155046863338,0,1,5,2.78,36.7,39.6,47.2,4.356,3.14,3,0,14,119.123
455616244352.42,-1.10918344676230,2.92374683054970,0.39766393916373,0,1,5,2.78,36.7,39.6,47.2,4.356,3.14,3,0,14,119.123
455616244362.44,-1.04641878579420,2.88187845957120,0.40036297514374,0.5,1,5,2.78,36.7,39.6,47.2,4.356,3.14,3,0,14,119.123
455616244372.45,-0.99048112273080,2.84136784847730,0.39766927358351,0.5,1,5,2.78,36.7,39.6,47.2,4.356,3.14,3,0,14,119.123
455616244382.45,-0.95634324037751,2.81071330516970,0.39010829530745,1,1,5,2.78,36.7,39.6,47.2,4.356,3.14,3,0,14,119.123
455616244392.47,-0.95098107287548,2.79710317389480,0.38124522036746,0,1,5,2.78,36.7,39.6,47.2,4.356,3.14,3,0,14,119.123
455616244402.48,-0.97485418701847,2.80455772799980,0.37395922824000,0,1,5,2.78,36.7,39.6,47.2,4.356,3.14,3,0,14,119.123
455616244412.51,-1.02338227106720,2.83224855655040,0.36656926188060,0,1,5,2.78,36.7,39.6,47.2,4.356,3.14,3,0,14,119.123
455616244422.51,-1.08605937171200,2.87334311306700,0.35762541930775,0.5,1,5,2.78,36.7,39.6,47.2,4.356,3.14,3,0,14,119.123
455616244432.51,-1.15314496406150,2.92055978183490,0.34653227914943,0,1,5,2.78,36.7,39.6,47.2,4.356,3.14,3,0,14,119.123
455616244442.53,-1.21753271269970,2.96591786129570,0.33438765563901,0.5,1,5,2.78,36.7,39.6,47.2,4.356,3.14,3,0,14,119.123
455616244452.53,-1.27592485359490,3.00246080402620,0.32484685685416,1,1,5,2.78,36.7,39.6,47.2,4.356,3.14,3,0,14,119.123
455616244462.54,-1.32642076048600,3.02791381023970,0.32108477149091,1,1,5,2.78,36.7,39.6,47.2,4.356,3.14,3,0,14,119.123
455616244472.57,-1.36784330210130,3.04387942278240,0.32569667761299,0.5,1,5,2.78,36.7,39.6,47.2,4.356,3.14,3,0,14,119.123
455616244482.57,-1.39864082504120,3.05237559873790,0.33789736384450,1,1,5,2.78,36.7,39.6,47.2,4.356,3.14,3,0,14,119.123
455616244492.57,-1.41877678009490,3.05446924090890,0.35424739318132,0,1,5,2.78,36.7,39.6,47.2,4.356,3.14,3,0,14,119.123
455616244502.59,-1.43016522843520,3.05055978014710,0.37260598383078,1,1,5,2.78,36.7,39.6,47.2,4.356,3.14,3,0,14,119.123
455616244512.60,-1.43459164011560,3.04067777217900,0.39248334717660,1,1,5,2.78,36.7,39.6,47.2,4.356,3.14,3,0,14,119.123
455616244522.60,-1.43692656057800,3.02525189730290,0.41442417217506,0,1,5,2.78,36.7,39.6,47.2,4.356,3.14,3,0,14,119.123
455616244532.61,-1.44459383237710,3.00573389735720,0.44072039878711,1,1,5,2.78,36.7,39.6,47.2,4.356,3.14,3,0,14,119.123
455616244542.61,-1.45966296258660,2.98395805847200,0.47186254843247,0.5,1,5,2.78,36.7,39.6,47.2,4.356,3.14,3,0,14,119.123
455616244552.62,-1.47732561569690,2.96000729386820,0.50412373426695,1,1,5,2.78,36.7,39.6,47.2,4.356,3.14,3,0,14,119.123
455616244562.65,-1.49202778180810,2.93295983998000,0.53187791087896,0.5,1,5,2.78,36.7,39.6,47.2,4.356,3.14,3,0,14,119.123
455616244572.66,-1.49783607386820,2.90250901013760,0.55012252831757,0,1,5,2.78,36.7,39.6,47.2,4.356,3.14,3,0,14,119.123
455616244582.67,-1.48731182815860,2.86836535249580,0.55448813106619,1,1,5,2.78,36.7,39.6,47.2,4.356,3.14,3,0,14,119.123
455616244592.67,-1.46007883039960,2.83240349018070,0.54310635119762,1,1,5,2.78,36.7,39.6,47.2,4.356,3.14,3,0,14,119.123
455616244602.67,-1.42356505143620,2.80099602708370,0.51775147904577,0,1,5,2.78,36.7,39.6,47.2,4.356,3.14,3,0,14,119.123
455616244612.68,-1.38760862685440,2.78153926346580,0.48335629454871,0,1,5,2.78,36.7,39.6,47.2,4.356,3.14,3,0,14,119.123
455616244622.71,-1.35919424779550,2.77773667864260,0.44410756050832,0.5,1,5,2.78,36.7,39.6,47.2,4.356,3.14,3,0,14,119.123
455616244632.72,-1.33772321889910,2.78953297243950,0.40235703315120,0,1,5,2.78,36.7,39.6,47.2,4.356,3.14,3,0,14,119.123
455616244642.72,-1.31724562939120,2.81277926076410,0.35992214097156,0.5,1,5,2.78,36.7,39.6,47.2,4.356,3.14,3,0,14,119.123
455616244652.73,-1.29817849985490,2.84213846701020,0.32174429722953,0.5,1,5,2.78,36.7,39.6,47.2,4.356,3.14,3,0,14,119.123
455616244662.75,-1.28658921370440,2.87301012410680,0.29704698971203,0.5,1,5,2.78,36.7,39.6,47.2,4.356,3.14,3,0,14,119.123
455616244672.76,-1.28918568684800,2.89943515962340,0.29256485496425,1,1,5,2.78,36.7,39.6,47.2,4.356,3.14,3,0,14,119.123
455616244682.77,-1.31301887554600,2.91595395819710,0.30909136543334,0,1,5,2.78,36.7,39.6,47.2,4.356,3.14,3,0,14,119.123
455616244692.78,-1.36003563246240,2.92401810232010,0.34337846010212,1,1,5,2.78,36.7,39.6,47.2,4.356,3.14,3,0,14,119.123
455616244702.78,-1.42340014044750,2.92993862473430,0.38801078404570,1,1,5,2.78,36.7,39.6,47.2,4.356,3.14,3,0,14,119.123
455616244712.80,-1.49634232897120,2.93927488958550,0.43581979280480,0.5,1,5,2.78,36.7,39.6,47.2,4.356,3.14,3,0,14,119.123
455616244722.81,-1.57259421182250,2.95374777312110,0.48347623277418,1,1,5,2.78,36.7,39.6,47.2,4.356,3.14,3,0,14,119.123
455616244732.82,-1.64602354262510,2.97125503004870,0.52967046359584,1,1,5,2.78,36.7,39.6,47.2,4.356,3.14,3,0,14,119.123
455616244742.83,-1.70809121299160,2.98563277147010,0.57159088474949,1,1,5,2.78,36.7,39.6,47.2,4.356,3.14,3,0,14,119.123
455616244752.84,-1.74784380549090,2.98807232087060,0.60628767572539,1,1,5,2.78,36.7,39.6,47.2,4.356,3.14,3,0,14,119.123
455616244762.85,-1.75549701893010,2.97195480842380,0.63122093699991,0,1,5,2.78,36.7,39.6,47.2,4.356,3.14,3,0,14,119.123
455616244772.86,-1.72850178400280,2.93601442982330,0.64388758670504,1,1,5,2.78,36.7,39.6,47.2,4.356,3.14,3,0,14,119.123
455616244782.85,-1.67433272187030,2.88558187733570,0.64227411753724,0,1,5,2.78,36.7,39.6,47.2,4.356,3.14,3,0,14,119.123
455616244792.86,-1.60783015971330,2.83106195901720,0.62606931469598,0.5,1,5,2.78,36.7,39.6,47.2,4.356,3.14,3,0,14,119.123
455616244802.89,-1.54357436785690,2.78320940244170,0.59700697671310,0,1,5,2.78,36.7,39.6,47.2,4.356,3.14,3,0,14,119.123
455616244812.90,-1.48948236625000,2.74986345260320,0.55819806634294,1,1,5,2.78,36.7,39.6,47.2,4.356,3.14,3,0,14,119.123
455616244822.91,-1.44553341809970,2.73357202127460,0.51179125803258,0.5,1,5,2.78,36.7,39.6,47.2,4.356,3.14,3,0,14,119.123
455616244832.92,-1.40747220738020,2.73310209788610,0.46071029117946,0,1,5,2.78,36.7,39.6,47.2,4.356,3.14,3,0,14,119.123
455616244842.93,-1.38270588595110,2.74876816503340,0.41238228730116,1,1,5,2.78,36.7,39.6,47.2,4.356,3.14,3,0,14,119.123
455616244852.94,-1.37996514206620,2.78249428840560,0.37549348036668,1,1,5,2.78,36.7,39.6,47.2,4.356,3.14,3,0,14,119.123
455616244862.95,-1.39853215767210,2.83201267047190,0.35545933919806,1,1,5,2.78,36.7,39.6,47.2,4.356,3.14,3,0,14,119.123
455616244872.96,-1.43804254336550,2.89072838151160,0.35381649679272,0,1,5,2.78,36.7,39.6,47.2,4.356,3.14,3,0,14,119.123
455616244882.97,-1.49722903714810,2.95296321457880,0.36713934336043,1,1,5,2.78,36.7,39.6,47.2,4.356,3.14,3,0,14,119.123
455616244892.97,-1.56817378337460,3.01385317466770,0.39025622008884,0.5,1,5,2.78,36.7,39.6,47.2,4.356,3.14,3,0,14,119.123
455616244902.99,-1.64117449412700,3.06899327817470,0.41861040235958,1,1,5,2.78,36.7,39.6,47.2,4.356,3.14,3,0,14,119.123
455616244913.00,-1.71096520433420,3.11609238194230,0.44934777673552,0.5,1,5,2.78,36.7,39.6,47.2,4.356,3.14,3,0,14,119.123
455616244923.00,-1.77754113448600,-3.12845686403840,0.48170332540382,1,1,5,2.78,36.7,39.6,47.2,4.356,3.14,3,0,14,119.123
455616244933.02,-1.84472769186100,-3.09702792664800,0.51531214327099,0,1,5,2.78,36.7,39.6,47.2,4.356,3.14,3,0,14,119.123
455616244943.03,-1.91504945381890,-3.07174234513400,0.55025451367618,0,1,5,2.78,36.7,39.6,47.2,4.356,3.14,3,0,14,119.123
455616244953.03,-1.98742320101080,-3.05235874114030,0.58632482221804,0,1,5,2.78,36.7,39.6,47.2,4.356,3.14,3,0,14,119.123
455616244963.05,-2.05792379407020,-3.03958264926500,0.62251713605689,1,1,5,2.78,36.7,39.6,47.2,4.356,3.14,3,0,14,119.123
455616244973.06,-2.11907912512970,-3.03546274915340,0.65797973039267,0,1,5,2.78,36.7,39.6,47.2,4.356,3.14,3,0,14,119.123
455616244983.07,-2.16042654393860,-3.04314574991300,0.69220667659000,1,1,5,2.78,36.7,39.6,47.2,4.356,3.14,3,0,14,119.123
455616244993.08,-2.16773256272050,-3.06782645146590,0.72389713762078,1,1,5,2.78,36.7,39.6,47.2,4.356,3.14,3,0,14,119.123
455616245003.09,-2.12989241984630,-3.11597155775200,0.75015665925046,1,1,5,2.78,36.7,39.6,47.2,4.356,3.14,3,0,14,119.123
455616245013.10,-2.04610638392350,3.09369137129400,0.76531313277843,1,1,5,2.78,36.7,39.6,47.2,4.356,3.14,3,0,14,119.123
455616245023.10,-1.92649016733440,3.00253658738050,0.76154448866558,0,1,5,2.78,36.7,39.6,47.2,4.356,3.14,3,0,14,119.123
455616245033.11,-1.79355543559230,2.90982280708700,0.73438438205330,0.5,1,5,2.78,36.7,39.6,47.2,4.356,3.14,3,0,14,119.123
455616245043.13,-1.66968838524570,2.83232599884420,0.68583531894733,0,1,5,2.78,36.7,39.6,47.2,4.356,3.14,3,0,14,119.123
455616245053.13,-1.56402680366450,2.77896363076640,0.62286663851322,1,1,5,2.78,36.7,39.6,47.2,4.356,3.14,3,0,14,119.123
455616245063.14,-1.47688288617890,2.75013982291350,0.55212847713253,1,1,5,2.78,36.7,39.6,47.2,4.356,3.14,3,0,14,119.123
455616245073.15,-1.40527961237280,2.74430122447850,0.47999064798367,0.5,1,5,2.78,36.7,39.6,47.2,4.356,3.14,3,0,14,119.123
455616245083.16,-1.34636654333350,2.75847973000150,0.41209230672761,1,1,5,2.78,36.7,39.6,47.2,4.356,3.14,3,0,14,119.123
455616245093.17,-1.30011746438920,2.78892508693020,0.35314676658292,0.5,1,5,2.78,36.7,39.6,47.2,4.356,3.14,3,0,14,119.123
455616245103.18,-1.26538623491210,2.83062106466690,0.30844306959212,1,1,5,2.78,36.7,39.6,47.2,4.356,3.14,3,0,14,119.123
455616245113.19,-1.24429591468200,2.87725790486110,0.28108218941212,0.5,1,5,2.78,36.7,39.6,47.2,4.356,3.14,3,0,14,119.123
455616245123.20,-1.23973016629360,2.92240025588770,0.27223704009060,0.5,1,5,2.78,36.7,39.6,47.2,4.356,3.14,3,0,14,119.123
455616245133.22,-1.25425930325620,2.96007053695980,0.28131959961427,0.5,1,5,2.78,36.7,39.6,47.2,4.356,3.14,3,0,14,119.123
455616245143.23,-1.29272553114380,2.98713005985440,0.30672437736765,0,1,5,2.78,36.7,39.6,47.2,4.356,3.14,3,0,14,119.123
455616245153.24,-1.35637315564150,3.00575530169420,0.34640636345018,0,1,5,2.78,36.7,39.6,47.2,4.356,3.14,3,0,14,119.123
455616245163.25,-1.44425210992180,3.02334231289540,0.39673860382203,1,0,4,3.87,39,43,39.234,5,5.43,6,4,2,111.111
455616245173.26,-1.55427969790780,3.04715322657940,0.45388994536756,1,0,4,3.87,39,43,39.234,5,5.43,6,4,2,111.111
455616245183.27,-1.68366914730980,3.08128537173730,0.51453578456042,1,0,4,3.87,39,43,39.234,5,5.43,6,4,2,111.111
455616245193.28,-1.82904746672760,3.12813029496520,0.57530181813054,1,0,4,3.87,39,43,39.234,5,5.43,6,4,2,111.111
455616245203.29,-1.98640946741400,-3.09524186720120,0.63194009928888,1,0,4,3.87,39,43,39.234,5,5.43,6,4,2,111.111
455616245213.30,-2.14825660547420,-3.02628695414720,0.67953153414962,1,0,4,3.87,39,43,39.234,5,5.43,6,4,2,111.111
455616245223.31,-2.29979654910600,-2.95805705658130,0.71446448612671,1,0,4,3.87,39,43,39.234,5,5.43,6,4,2,111.111
455616245233.32,-2.42117041900700,-2.90494575749140,0.73768264750404,1,0,4,3.87,39,43,39.234,5,5.43,6,4,2,111.111
455616245243.33,-2.48858556921450,-2.88206656781860,0.75475661809643,0,0,4,3.87,39,43,39.234,5,5.43,6,4,2,111.111
455616245253.34,-2.48489063299550,-2.90034842172470,0.77140788004966,0,0,4,3.87,39,43,39.234,5,5.43,6,4,2,111.111
455616245263.35,-2.41183131910660,-2.96020833083630,0.78509033230677,0,0,4,3.87,39,43,39.234,5,5.43,6,4,2,111.111
455616245273.36,-2.29218708283890,-3.04810019134290,0.78558287128405,1,0,4,3.87,39,43,39.234,5,5.43,6,4,2,111.111
455616245283.36,-2.15485483276590,3.13968887686330,0.76575782731672,1,0,4,3.87,39,43,39.234,5,5.43,6,4,2,111.111
455616245293.39,-2.02022000738710,3.05357368791360,0.72483109603229,0,0,4,3.87,39,43,39.234,5,5.43,6,4,2,111.111
455616245303.40,-1.89906981259840,2.98706412427080,0.66618581158495,1,0,4,3.87,39,43,39.234,5,5.43,6,4,2,111.111
455616245313.39,-1.79762925912030,2.94656724370300,0.59625389774056,1,0,4,3.87,39,43,39.234,5,5.43,6,4,2,111.111
455616245323.41,-1.71672545740050,2.93269285749900,0.52353598116050,0.5,1,4,3.87,39,43,39.234,5,5.43,6,4,2,111.111
455616245333.41,-1.65062379415900,2.93914968224270,0.45615904924716,1,0,4,3.87,39,43,39.234,5,5.43,6,4,2,111.111
455616245343.42,-1.59868712623810,2.95877075670260,0.39904071202022,1,0,4,3.87,39,43,39.234,5,5.43,6,4,2,111.111
455616245353.46,-1.56601308264930,2.98932966693540,0.35478452580370,0.5,1,4,3.87,39,43,39.234,5,5.43,6,4,2,111.111
455616245363.47,-1.55564725803010,3.02973152152060,0.32676911318912,0.5,1,4,3.87,39,43,39.234,5,5.43,6,4,2,111.111
455616245373.46,-1.57020590754500,3.07508542727800,0.31797462694154,0.5,1,4,3.87,39,43,39.234,5,5.43,6,4,2,111.111
455616245383.47,-1.61629363394780,3.12021939694070,0.33026045756937,0.5,1,4,3.87,39,43,39.234,5,5.43,6,4,2,111.111
455616245393.48,-1.69464259363980,-3.11898508285110,0.36016319463851,1,0,4,3.87,39,43,39.234,5,5.43,6,4,2,111.111
455616245403.49,-1.79935039504230,-3.07257555900030,0.39886117406599,0,0,4,3.87,39,43,39.234,5,5.43,6,4,2,111.111
455616245413.50,-1.92585072610970,-3.01846841305890,0.43818395230344,0,0,4,3.87,39,43,39.234,5,5.43,6,4,2,111.111
455616245423.51,-2.07011804533370,-2.95399219711000,0.47274621323793,0.5,1,4,3.87,39,43,39.234,5,5.43,6,4,2,111.111
455616245433.52,-2.22395363462710,-2.88118332159630,0.49937283831945,0.5,1,4,3.87,39,43,39.234,5,5.43,6,4,2,111.111
455616245443.53,-2.37119611910200,-2.80865306906550,0.51636748006526,0,0,4,3.87,39,43,39.234,5,5.43,6,4,2,111.111
455616245453.54,-2.49222833649540,-2.74780331024830,0.52556262886763,0.5,1,4,3.87,39,43,39.234,5,5.43,6,4,2,111.111
455616245463.55,-2.57339719046500,-2.70739464829780,0.53222766614401,0.5,1,4,3.87,39,43,39.234,5,5.43,6,4,2,111.111
455616245473.58,-2.60546283461260,-2.69264592784090,0.54110267194688,1,0,4,3.87,39,43,39.234,5,5.43,6,4,2,111.111
455616245483.58,-2.58040665111700,-2.70676596719280,0.55468735728116,0,0,4,3.87,39,43,39.234,5,5.43,6,4,2,111.111
455616245493.58,-2.50455969454120,-2.74739395147120,0.57056078765172,0,0,4,3.87,39,43,39.234,5,5.43,6,4,2,111.111
455616245503.60,-2.39119389611020,-2.80749605542350,0.58084250915873,0.5,1,4,3.87,39,43,39.234,5,5.43,6,4,2,111.111
455616245513.61,-2.25323576619700,-2.87884210272930,0.57873733523037,0.5,1,4,3.87,39,43,39.234,5,5.43,6,4,2,111.111
455616245523.61,-2.10780999997910,-2.94988719418810,0.56061963507824,0.5,1,4,3.87,39,43,39.234,5,5.43,6,4,2,111.111
455616245533.63,-1.97097303647150,-3.00748084567840,0.52977243823366,0,0,4,3.87,39,43,39.234,5,5.43,6,4,2,111.111
455616245543.64,-1.85480671439860,-3.04515530457260,0.49606642292473,1,0,4,3.87,39,43,39.234,5,5.43,6,4,2,111.111
455616245553.65,-1.76920321223270,-3.06340224610340,0.46959547064995,0.5,1,4,3.87,39,43,39.234,5,5.43,6,4,2,111.111
455616245563.66,-1.72651881806940,-3.06413770857730,0.45923735614026,0,0,4,3.87,39,43,39.234,5,5.43,6,4,2,111.111
455616245573.67,-1.74075970340270,-3.04787718982710,0.46809117874571,0,0,4,3.87,39,43,39.234,5,5.43,6,4,2,111.111
455616245583.67,-1.80512563978580,-3.01535952551420,0.48920265676294,1,0,4,3.87,39,43,39.234,5,5.43,6,4,2,111.111
455616245593.69,-1.89609483902010,-2.97059382583180,0.51218627563648,0,0,4,3.87,39,43,39.234,5,5.43,6,4,2,111.111
455616245603.69,-1.99233302040060,-2.91971111895490,0.52936221388325,0.5,1,4,3.87,39,43,39.234,5,5.43,6,4,2,111.111
455616245613.71,-2.08029009286650,-2.86900145034920,0.53868494570748,1,0,4,3.87,39,43,39.234,5,5.43,6,4,2,111.111
455616245623.72,-2.15312585153960,-2.82286445968030,0.54073331182366,0,0,4,3.87,39,43,39.234,5,5.43,6,4,2,111.111
455616245633.72,-2.20177039140880,-2.78564066312910,0.53606633763072,0.5,1,4,3.87,39,43,39.234,5,5.43,6,4,2,111.111
455616245643.74,-2.21740560258360,-2.76213217381140,0.52711540100143,1,0,4,3.87,39,43,39.234,5,5.43,6,4,2,111.111
455616245653.75,-2.19972883083230,-2.75393111180570,0.51766908730098,0.5,1,4,3.87,39,43,39.234,5,5.43,6,4,2,111.111
455616245663.76,-2.15759816350660,-2.75722047150060,0.50979591040497,0.5,1,4,3.87,39,43,39.234,5,5.43,6,4,2,111.111
455616245673.77,-2.10028834523260,-2.76585756203220,0.50340703532774,0.5,1,4,3.87,39,43,39.234,5,5.43,6,4,2,111.111
455616245683.78,-2.03748806054510,-2.77461062079590,0.49839519237779,1,0,4,3.87,39,43,39.234,5,5.43,6,4,2,111.111
455616245693.79,-1.97997958885040,-2.77882387176890,0.49445500119710,0,0,4,3.87,39,43,39.234,5,5.43,6,4,2,111.111
455616245703.79,-1.93721300027360,-2.77422821194310,0.49124817490436,1,0,4,3.87,39,43,39.234,5,5.43,6,4,2,111.111
455616245713.81,-1.91381906004920,-2.75877188514320,0.48942090074841,1,0,4,3.87,39,43,39.234,5,5.43,6,4,2,111.111
455616245723.82,-1.90842284565120,-2.73435659849560,0.48980236796081,0,0,4,3.87,39,43,39.234,5,5.43,6,4,2,111.111
455616245733.81,-1.91389745220260,-2.70573244848750,0.49212288279351,0,0,4,3.87,39,43,39.234,5,5.43,6,4,2,111.111
455616245743.84,-1.91415288546370,-2.67975796324130,0.49576587395178,0.5,1,4,3.87,39,43,39.234,5,5.43,6,4,2,111.111
455616245753.84,-1.89204647496040,-2.66582573002990,0.50274593791953,0.5,1,4,3.87,39,43,39.234,5,5.43,6,4,2,111.111
455616245763.85,-1.84239637573110,-2.67101221655690,0.51564113335543,0,0,4,3.87,39,43,39.234,5,5.43,6,4,2,111.111
455616245773.87,-1.77236849825920,-2.69513799709740,0.53328605762798,1,0,4,3.87,39,43,39.234,5,5.43,6,4,2,111.111
455616245783.88,-1.69354859724950,-2.73301598606240,0.55259341372999,0,0,4,3.87,39,43,39.234,5,5.43,6,4,2,111.111
455616245793.89,-1.61492377131670,-2.78044509495960,0.57341749539293,0,0,4,3.87,39,43,39.234,5,5.43,6,4,2,111.111
455616245803.91,-1.53732881947450,-2.83606734723270,0.59470324391783,0,0,4,3.87,39,43,39.234,5,5.43,6,4,2,111.111
455616245813.92,-1.45776603776020,-2.90152688288320,0.61409542644195,1,0,4,3.87,39,43,39.234,5,5.43,6,4,2,111.111
455616245823.92,-1.37547689050220,-2.97752706033550,0.62867756474184,1,0,4,3.87,39,43,39.234,5,5.43,6,4,2,111.111
455616245833.93,-1.29243618075370,-3.06096356023600,0.63608565474459,1,0,4,3.87,39,43,39.234,5,5.43,6,4,2,111.111
455616245843.94,-1.21054471150940,3.13800083377030,0.63515169729908,0,0,4,3.87,39,43,39.234,5,5.43,6,4,2,111.111
455616245853.93,-1.13074694614020,3.05657900449330,0.62650036487752,0,0,4,3.87,39,43,39.234,5,5.43,6,4,2,111.111
455616245863.94,-1.05493345693380,2.97817757254850,0.61200510708879,0.5,1,4,3.87,39,43,39.234,5,5.43,6,4,2,111.111
455616245873.95,-0.98487227745525,2.90183131253780,0.59385030944052,1,0,4,3.87,39,43,39.234,5,5.43,6,4,2,111.111
455616245883.98,-0.91756700659525,2.82706109550260,0.57279595538259,0,0,4,3.87,39,43,39.234,5,5.43,6,4,2,111.111
455616245893.99,-0.85130787720571,2.75371280645740,0.54747673172635,0.5,1,4,3.87,39,43,39.234,5,5.43,6,4,2,111.111
455616245904.00,-0.78543728922474,2.68178108320620,0.51613670609770,1,0,4,3.87,39,43,39.234,5,5.43,6,4,2,111.111
455616245914.01,-0.71730250313484,2.61151061756270,0.47800072002491,0.5,1,4,3.87,39,43,39.234,5,5.43,6,4,2,111.111
455616245924.03,-0.64824066318269,2.54411172719110,0.43314414609055,0.5,1,4,3.87,39,43,39.234,5,5.43,6,4,2,111.111
455616245934.04,-0.58323874319193,2.48284771183350,0.38383306594229,0.5,1,4,3.87,39,43,39.234,5,5.43,6,4,2,111.111
455616245944.04,-0.52694991290227,2.42946741798490,0.33473188822223,0,0,4,3.87,39,43,39.234,5,5.43,6,4,2,111.111
455616245954.04,-0.48479596956692,2.38458087862200,0.29215159913876,0.5,1,4,3.87,39,43,39.234,5,5.43,6,4,2,111.111
455616245964.05,-0.45811999805828,2.35102588962640,0.26280188988232,0.5,1,4,3.87,39,43,39.234,5,5.43,6,4,2,111.111
455616245974.07,-0.44400260124644,2.33116595530350,0.24948906893148,0,0,4,3.87,39,43,39.234,5,5.43,6,4,2,111.111
455616245984.09,-0.44012504990757,2.32528949308280,0.24806583921627,0,0,4,3.87,39,43,39.234,5,5.43,6,4,2,111.111
455616245994.10,-0.44227020279457,2.33235831001000,0.25083354587323,1,0,4,3.87,39,43,39.234,5,5.43,6,4,2,111.111
455616246004.10,-0.44356582931233,2.35115577209720,0.25126620083381,0.5,1,4,3.87,39,43,39.234,5,5.43,6,4,2,111.111
455616246014.10,-0.44077802794541,2.38028195045290,0.24768016758739,1,0,4,3.87,39,43,39.234,5,5.43,6,4,2,111.111
455616246024.11,-0.43526990230625,2.41768293537020,0.24263757307994,0,0,4,3.87,39,43,39.234,5,5.43,6,4,2,111.111
455616246034.13,-0.43289109584411,2.46174165198600,0.24032890470752,1,0,4,3.87,39,43,39.234,5,5.43,6,4,2,111.111
455616246044.14,-0.43987059939749,2.51118609497740,0.24379969141560,1,0,4,3.87,39,43,39.234,5,5.43,6,4,2,111.111
455616246054.15,-0.46112726736853,2.56270792078290,0.25485497172028,1,0,4,3.87,39,43,39.234,5,5.43,6,4,2,111.111
455616246064.16,-0.49913058612636,2.61078272852560,0.27405947315645,0.5,1,4,3.87,39,43,39.234,5,5.43,6,4,2,111.111
455616246074.17,-0.55162712804372,2.64919057682430,0.30047870811039,0.5,1,4,3.87,39,43,39.234,5,5.43,6,4,2,111.111
455616246084.18,-0.61824517797366,2.67423647276540,0.33192105700257,0,0,4,3.87,39,43,39.234,5,5.43,6,4,2,111.111
455616246094.19,-0.69705881457969,2.68720498762610,0.36779112538674,0,0,4,3.87,39,43,39.234,5,5.43,6,4,2,111.111
455616246104.21,-0.78396000890481,2.69180025586200,0.40841973302595,0,0,4,3.87,39,43,39.234,5,5.43,6,4,2,111.111
455616246114.22,-0.87634655695960,2.69241961428850,0.45244034222926,1,0,4,3.87,39,43,39.234,5,5.43,6,4,2,111.111
455616246124.22,-0.96933426940693,2.69297903952790,0.49710263853927,0,0,4,3.87,39,43,39.234,5,5.43,6,4,2,111.111
455616246134.22,-1.05384287831750,2.69538590485110,0.53789317342225,0.5,1,4,3.87,39,43,39.234,5,5.43,6,4,2,111.111
455616246144.23,-1.11649489238120,2.69675036930280,0.56836303469856,0.5,1,4,3.87,39,43,39.234,5,5.43,6,4,2,111.111
455616246154.26,-1.14729628736320,2.69077501568630,0.58383107115457,0,0,4,3.87,39,43,39.234,5,5.43,6,4,2,111.111
455616246164.27,-1.14230999009410,2.67364792085770,0.58340064151965,1,2,7,2.45,38,47,34.62,6,4.2,4,3,9,172.6277
455616246174.28,-1.10412378513740,2.64619385975600,0.56811539691519,0,2,7,2.45,38,47,34.62,6,4.2,4,3,9,172.6277
455616246184.27,-1.04626703758110,2.61387598402030,0.54066862079999,0.5,1,7,2.45,38,47,34.62,6,4.2,4,3,9,172.6277
455616246194.29,-0.98333135353271,2.58354853718530,0.50560868022253,0,2,7,2.45,38,47,34.62,6,4.2,4,3,9,172.6277
455616246204.30,-0.92493451465668,2.55990332140150,0.46765937698429,1,2,7,2.45,38,47,34.62,6,4.2,4,3,9,172.6277
455616246214.30,-0.87268971331754,2.54351424200550,0.43041968593282,0.5,1,7,2.45,38,47,34.62,6,4.2,4,3,9,172.6277
455616246224.32,-0.82046528055487,2.53302473666470,0.39534477838157,0,2,7,2.45,38,47,34.62,6,4.2,4,3,9,172.6277
455616246234.33,-0.76480789250483,2.52768347586710,0.36184340988726,0,2,7,2.45,38,47,34.62,6,4.2,4,3,9,172.6277
455616246244.35,-0.70536697852525,2.52779859315730,0.33005076616347,0,2,7,2.45,38,47,34.62,6,4.2,4,3,9,172.6277
455616246254.35,-0.64231403298444,2.53286307744660,0.30144751733204,0,2,7,2.45,38,47,34.62,6,4.2,4,3,9,172.6277
455616246264.36,-0.58026078037202,2.54189099720640,0.27771675404965,1,2,7,2.45,38,47,34.62,6,4.2,4,3,9,172.6277
455616246274.37,-0.52565127319540,2.55340046248180,0.26013396303926,0.5,1,7,2.45,38,47,34.62,6,4.2,4,3,9,172.6277
455616246284.38,-0.48409029585359,2.56509637091850,0.24934358216625,0,2,7,2.45,38,47,34.62,6,4.2,4,3,9,172.6277
455616246294.39,-0.46062674967857,2.57493603178210,0.24538557724757,1,2,7,2.45,38,47,34.62,6,4.2,4,3,9,172.6277
455616246304.40,-0.45828251489790,2.58217323987570,0.24829712439340,0.5,1,7,2.45,38,47,34.62,6,4.2,4,3,9,172.6277
455616246314.41,-0.47628385992131,2.58715328037920,0.25791308283986,0,2,7,2.45,38,47,34.62,6,4.2,4,3,9,172.6277
455616246324.42,-0.50986802432401,2.59076898818600,0.27347318928845,0,2,7,2.45,38,47,34.62,6,4.2,4,3,9,172.6277
455616246334.43,-0.55721072195082,2.59412922701210,0.29469271957518,0,2,7,2.45,38,47,34.62,6,4.2,4,3,9,172.6277
455616246344.45,-0.61866561496862,2.59789794054890,0.32172368709426,0,2,7,2.45,38,47,34.62,6,4.2,4,3,9,172.6277
455616246354.45,-0.69307523152161,2.60268178446370,0.35477502142741,1,2,7,2.45,38,47,34.62,6,4.2,4,3,9,172.6277
455616246364.46,-0.77318077163703,2.60890130527010,0.39218269306848,0,2,7,2.45,38,47,34.62,6,4.2,4,3,9,172.6277
455616246374.49,-0.84657068946218,2.61500854982040,0.42897614860602,0,2,7,2.45,38,47,34.62,6,4.2,4,3,9,172.6277
455616246384.49,-0.90175249658587,2.61820359027090,0.46021362066500,1,2,7,2.45,38,47,34.62,6,4.2,4,3,9,172.6277
455616246394.49,-0.92795087924744,2.61557687029710,0.48200311876854,1,2,7,2.45,38,47,34.62,6,4.2,4,3,9,172.6277
455616246404.51,-0.92010144214529,2.60563276865780,0.49136620131795,1,2,7,2.45,38,47,34.62,6,4.2,4,3,9,172.6277
455616246414.52,-0.88458928415037,2.58936385620010,0.48725430570947,0.5,1,7,2.45,38,47,34.62,6,4.2,4,3,9,172.6277
455616246424.53,-0.83436250695172,2.56947106390870,0.47321546900227,1,2,7,2.45,38,47,34.62,6,4.2,4,3,9,172.6277
455616246434.54,-0.77745449293929,2.54726022349370,0.45460330468383,1,2,7,2.45,38,47,34.62,6,4.2,4,3,9,172.6277
455616246444.55,-0.71918379256101,2.52266552636010,0.43450574356087,0.5,1,7,2.45,38,47,34.62,6,4.2,4,3,9,172.6277
455616246454.55,-0.66083214816200,2.49544116982460,0.41325430300332,0,2,7,2.45,38,47,34.62,6,4.2,4,3,9,172.6277
455616246464.57,-0.60453269949076,2.46721880609630,0.39024764647722,0.5,1,7,2.45,38,47,34.62,6,4.2,4,3,9,172.6277
455616246474.57,-0.55599338352847,2.44188689744710,0.36655031466108,0.5,1,7,2.45,38,47,34.62,6,4.2,4,3,9,172.6277
455616246484.59,-0.51754900604828,2.42308819363160,0.34416274861183,0.5,1,7,2.45,38,47,34.62,6,4.2,4,3,9,172.6277
455616246494.60,-0.49363486113331,2.41543145944130,0.32515214852905,0,2,7,2.45,38,47,34.62,6,4.2,4,3,9,172.6277
455616246504.60,-0.47947837576782,2.41883360725960,0.30877192058969,1,2,7,2.45,38,47,34.62,6,4.2,4,3,9,172.6277
455616246514.62,-0.47334605268040,2.43411547258590,0.29503790737491,0.5,1,7,2.45,38,47,34.62,6,4.2,4,3,9,172.6277
455616246524.63,-0.47283382316478,2.46188851327160,0.28351258288772,0,2,7,2.45,38,47,34.62,6,4.2,4,3,9,172.6277
455616246534.63,-0.47038139625260,2.49831226319590,0.27103789031269,0.5,1,7,2.45,38,47,34.62,6,4.2,4,3,9,172.6277
455616246544.64,-0.46311100222583,2.53830608352130,0.25476626339463,0.5,1,7,2.45,38,47,34.62,6,4.2,4,3,9,172.6277
455616246554.66,-0.45230621805252,2.57955924129990,0.23581917670114,0.5,1,7,2.45,38,47,34.62,6,4.2,4,3,9,172.6277
455616246564.66,-0.43741382947285,2.61884686921520,0.21716061091786,1,2,7,2.45,38,47,34.62,6,4.2,4,3,9,172.6277
455616246574.68,-0.41714103156350,2.65060417863990,0.20296344885310,0,2,7,2.45,38,47,34.62,6,4.2,4,3,9,172.6277
455616246584.69,-0.39627600238118,2.67022932432870,0.19600029242034,0,2,7,2.45,38,47,34.62,6,4.2,4,3,9,172.6277
455616246594.69,-0.37719022446304,2.67533341070730,0.19597971974583,0,2,7,2.45,38,47,34.62,6,4.2,4,3,9,172.6277
455616246604.71,-0.36139987046707,2.66690836850490,0.19959481587463,0,2,7,2.45,38,47,34.62,6,4.2,4,3,9,172.6277
455616246614.72,-0.34669665827703,2.64882767657580,0.20292555409746,0,2,7,2.45,38,47,34.62,6,4.2,4,3,9,172.6277
455616246624.72,-0.32776038075997,2.62493852935400,0.20325738857718,0.5,1,7,2.45,38,47,34.62,6,4.2,4,3,9,172.6277
455616246634.74,-0.30180074647277,2.59658782438860,0.19906072576198,1,2,7,2.45,38,47,34.62,6,4.2,4,3,9,172.6277
455616246644.75,-0.26905067114017,2.56365031719690,0.18992843518007,0,2,7,2.45,38,47,34.62,6,4.2,4,3,9,172.6277
455616246654.76,-0.23386381827143,2.52625694848330,0.17683171523860,0,2,7,2.45,38,47,34.62,6,4.2,4,3,9,172.6277
455616246664.77,-0.20447082397989,2.48504826599090,0.16295663604852,0.5,1,7,2.45,38,47,34.62,6,4.2,4,3,9,172.6277
455616246674.78,-0.18717828626532,2.44221483227550,0.15219809868050,0,2,7,2.45,38,47,34.62,6,4.2,4,3,9,172.6277
455616246684.79,-0.18864930011280,2.40418337078870,0.14991775945746,0.5,1,7,2.45,38,47,34.62,6,4.2,4,3,9,172.6277
455616246694.80,-0.20753695386073,2.37788245288470,0.15771405847400,1,2,7,2.45,38,47,34.62,6,4.2,4,3,9,172.6277
455616246704.81,-0.23469916680781,2.36696429228650,0.16909073936449,0,2,7,2.45,38,47,34.62,6,4.2,4,3,9,172.6277
455616246714.82,-0.26412564082721,2.37170371082310,0.17708631257160,0.5,1,7,2.45,38,47,34.62,6,4.2,4,3,9,172.6277
455616246724.83,-0.29630597023542,2.39205120802380,0.18092886443463,1,2,7,2.45,38,47,34.62,6,4.2,4,3,9,172.6277
455616246734.84,-0.33002398525628,2.42493180842610,0.18281258405633,0.5,1,7,2.45,38,47,34.62,6,4.2,4,3,9,172.6277
455616246744.85,-0.36593931872256,2.46682440042930,0.18441773559398,0,2,7,2.45,38,47,34.62,6,4.2,4,3,9,172.6277
455616246754.86,-0.40432608499424,2.51437204065540,0.18676553582790,0.5,1,7,2.45,38,47,34.62,6,4.2,4,3,9,172.6277
455616246764.87,-0.44347051098257,2.56325558245370,0.18999277423114,0,2,7,2.45,38,47,34.62,6,4.2,4,3,9,172.6277
455616246774.88,-0.48373865707522,2.60941347369250,0.19415482205550,0,2,7,2.45,38,47,34.62,6,4.2,4,3,9,172.6277
455616246784.88,-0.52291839486536,2.64835324255790,0.20196612915845,0,2,7,2.45,38,47,34.62,6,4.2,4,3,9,172.6277
455616246794.90,-0.55951625155698,2.67510580002530,0.21746446616553,0.5,1,7,2.45,38,47,34.62,6,4.2,4,3,9,172.6277
455616246804.91,-0.59484076776639,2.68755195908960,0.24114043592882,0.5,1,7,2.45,38,47,34.62,6,4.2,4,3,9,172.6277
455616246814.92,-0.63039720417632,2.68777049142600,0.26884287269843,1,2,7,2.45,38,47,34.62,6,4.2,4,3,9,172.6277
455616246824.92,-0.66853512921864,2.67928651661140,0.29682290397386,0.5,1,7,2.45,38,47,34.62,6,4.2,4,3,9,172.6277
455616246834.93,-0.70793561834852,2.66537046647120,0.32514166050824,0,2,7,2.45,38,47,34.62,6,4.2,4,3,9,172.6277
455616246844.95,-0.74038526343839,2.64721189462790,0.35265347149440,0.5,1,7,2.45,38,47,34.62,6,4.2,4,3,9,172.6277
455616246854.95,-0.75900145756432,2.62361468092390,0.37497919233880,1,2,7,2.45,38,47,34.62,6,4.2,4,3,9,172.6277
455616246864.96,-0.76093917157835,2.59412759135000,0.38842820361380,0.5,1,7,2.45,38,47,34.62,6,4.2,4,3,9,172.6277
455616246874.98,-0.74758546907622,2.56050320134090,0.39177104386315,0.5,1,7,2.45,38,47,34.62,6,4.2,4,3,9,172.6277
455616246885.00,-0.72363972285047,2.52562271127800,0.38564714114206,0.5,1,7,2.45,38,47,34.62,6,4.2,4,3,9,172.6277
455616246895.01,-0.69407785686808,2.49273965751770,0.37146822266952,0,2,7,2.45,38,47,34.62,6,4.2,4,3,9,172.6277
455616246905.01,-0.66392236715122,2.46600293395010,0.35111938639851,0.5,1,7,2.45,38,47,34.62,6,4.2,4,3,9,172.6277
455616246915.02,-0.62386068342065,2.44542745005780,0.32209951420994,1,2,7,2.45,38,47,34.62,6,4.2,4,3,9,172.6277
455616246925.02,-0.59737471002978,2.44124831666150,0.29598065663399,0.5,1,7,2.45,38,47,34.62,6,4.2,4,3,9,172.6277
455616246935.04,-0.56701132319670,2.44911404417690,0.26740845025501,0.5,1,7,2.45,38,47,34.62,6,4.2,4,3,9,172.6277
455616246945.05,-0.53254917831070,2.46791972044580,0.23640477983648,0.5,1,7,2.45,38,47,34.62,6,4.2,4,3,9,172.6277
455616246955.06,-0.49771849669065,2.49546234327300,0.20683169415468,0,2,7,2.45,38,47,34.62,6,4.2,4,3,9,172.6277
455616246965.07,-0.46678093722296,2.52782134513470,0.18237034856358,0,2,7,2.45,38,47,34.62,6,4.2,4,3,9,172.6277
455616246975.07,-0.44367585518655,2.56188861049690,0.16422416426710,0,2,7,2.45,38,47,34.62,6,4.2,4,3,9,172.6277
455616246985.08,-0.43163531159333,2.59580013626090,0.15261419137630,1,2,7,2.45,38,47,34.62,6,4.2,4,3,9,172.6277
455616246995.10,-0.43305035829106,2.62794754527610,0.14788591738025,0,2,7,2.45,38,47,34.62,6,4.2,4,3,9,172.6277
455616247005.11,-0.44767757831039,2.65596447737660,0.15061842365717,0,2,7,2.45,38,47,34.62,6,4.2,4,3,9,172.6277
455616247015.12,-0.47317492810534,2.67657262625940,0.16063243354609,1,2,7,2.45,38,47,34.62,6,4.2,4,3,9,172.6277
455616247025.13,-0.50800536764558,2.68651154089790,0.17758263059067,0.5,1,7,2.45,38,47,34.62,6,4.2,4,3,9,172.6277
455616247035.14,-0.55214163716964,2.68489017584800,0.20256264801540,0,2,7,2.45,38,47,34.62,6,4.2,4,3,9,172.6277
455616247045.15,-0.60215730323416,2.67475317321270,0.23402422707594,1,2,7,2.45,38,47,34.62,6,4.2,4,3,9,172.6277
455616247055.15,-0.65023538923139,2.65980015073650,0.26701192055067,0,2,7,2.45,38,47,34.62,6,4.2,4,3,9,172.6277
455616247065.16,-0.69121323406499,2.64165316127420,0.29682187400524,0.5,1,7,2.45,38,47,34.62,6,4.2,4,3,9,172.6277
455616247075.17,-0.72099668601983,2.62003685215920,0.32031128824660,0,2,7,2.45,38,47,34.62,6,4.2,4,3,9,172.6277
455616247085.18,-0.73775419453907,2.59492325427330,0.33659544346934,0,2,7,2.45,38,47,34.62,6,4.2,4,3,9,172.6277
455616247095.20,-0.74197861664397,2.56696618435720,0.34574641608124,1,2,7,2.45,38,47,34.62,6,4.2,4,3,9,172.6277
455616247105.21,-0.73769059161726,2.53797792593340,0.34921351813933,0,2,7,2.45,38,47,34.62,6,4.2,4,3,9,172.6277
455616247115.23,-0.73328249408243,2.51166964712800,0.35019731918028,0.5,1,7,2.45,38,47,34.62,6,4.2,4,3,9,172.6277
455616247125.23,-0.72617994758023,2.49015964556930,0.34939171545885,0,2,7,2.45,38,47,34.62,6,4.2,4,3,9,172.6277
455616247135.24,-0.72944502686113,2.48149341865700,0.35185193273175,1,2,7,2.45,38,47,34.62,6,4.2,4,3,9,172.6277
455616247145.26,-0.73522394183410,2.48507339533290,0.35443657441931,1,1,5,2.45,38,47,34.62,6,4.2,4,3,9,172.6277
455616247155.26,-0.74057233792206,2.50009196815910,0.35487246468460,1,0,0,2.45,38,47,34.62,6,4.2,4,3,9,172.6277
455616247165.27,-0.74173160838726,2.52489149422240,0.35075154994169,1,0,0,4.2,30,32,34.62,6,4.2,4,3,9,172.6277
455616247175.29,-0.73516963193345,2.55687946098920,0.34096636394856,1,0,0,4.2,30,32,42.356,2,1.7,1,1,4,99.15
455616247185.29,-0.72105890498529,2.59333624745170,0.32640759182401,0.5,0,0,4.2,30,32,42.356,2,1.7,1,1,4,99.15
455616247195.30,-0.70044882207414,2.63219942876420,0.30960479017628,0,0,0,4.2,30,32,42.356,2,1.7,1,1,4,99.15
455616247205.31,-0.67572199726381,2.67025370033120,0.29416149533819,0.5,0,0,4.2,30,32,42.356,2,1.7,1,1,4,99.15
455616247215.32,-0.65022295956615,2.70312477303180,0.28366980056192,0,0,0,4.2,30,32,42.356,2,1.7,1,1,4,99.15
455616247225.33,-0.62681792922116,2.72679543502570,0.27982952839363,0.5,0,0,4.2,30,32,42.356,2,1.7,1,1,4,99.15
455616247235.35,-0.60566428190424,2.73770658730460,0.28145447683486,1,0,0,4.2,30,32,42.356,2,1.7,1,1,4,99.15
455616247245.35,-0.58498419168923,2.73405170453700,0.28532573505186,1,0,0,4.2,30,32,42.356,2,1.7,1,1,4,99.15
455616247255.36,-0.56248733454910,2.71807118207760,0.28805918538698,0,0,0,4.2,30,32,42.356,2,1.7,1,1,4,99.15
455616247265.37,-0.53520557747850,2.69426630301750,0.28779173720402,0,0,0,4.2,30,32,42.356,2,1.7,1,1,4,99.15
455616247275.39,-0.50239954809204,2.66563730484170,0.28381179002553,0,0,0,4.2,30,32,42.356,2,1.7,1,1,4,99.15
455616247285.40,-0.46367880777464,2.63323592299400,0.27580481608170,1,0,0,4.2,30,32,42.356,2,1.7,1,1,4,99.15
455616247295.42,-0.42000872406415,2.59679497698860,0.26451258966763,0,0,0,4.2,30,32,42.356,2,1.7,1,1,4,99.15
455616247305.42,-0.37742148395326,2.55589250151150,0.25238788193275,0,0,0,4.2,30,32,42.356,2,1.7,1,1,4,99.15
455616247315.43,-0.34284283251479,2.51207957012760,0.24323646725004,1,0,0,4.2,30,32,42.356,2,1.7,1,1,4,99.15
455616247325.43,-0.31904703931312,2.46861693141460,0.24017158224709,0,0,0,4.2,30,32,42.356,2,1.7,1,1,4,99.15
455616247335.45,-0.30812469586645,2.43010353568460,0.24423825393432,1,0,0,4.2,30,32,42.356,2,1.7,1,1,4,99.15
455616247345.46,-0.31086847123096,2.40035979289260,0.25380031622599,1,0,0,4.2,30,32,42.356,2,1.7,1,1,4,99.15
455616247355.46,-0.32466630181722,2.38213163104030,0.26519440753216,1,0,0,4.2,30,32,42.356,2,1.7,1,1,4,99.15
455616247365.48,-0.34457425504204,2.37640940730060,0.27410676653524,1,0,0,4.2,30,32,42.356,2,1.7,1,1,4,99.15
455616247375.49,-0.36696358383812,2.38304344380290,0.27887019305745,1,0,0,4.2,30,32,42.356,2,1.7,1,1,4,99.15
455616247385.49,-0.39016543942769,2.40047735851980,0.28134167310849,0,0,0,4.2,30,32,42.356,2,1.7,1,1,4,99.15
455616247395.51,-0.41598289498883,2.42665123384680,0.28346385345640,0.5,0,0,4.2,30,32,42.356,2,1.7,1,1,4,99.15
455616247405.51,-0.44731392283018,2.45961559021570,0.28701254285882,0.5,0,0,4.2,30,32,42.356,2,1.7,1,1,4,99.15
455616247415.52,-0.48627460463091,2.49751888843130,0.29312876082797,1,0,0,4.2,30,32,42.356,2,1.7,1,1,4,99.15
455616247425.54,-0.53228778056704,2.53745943036630,0.30102893400566,1,0,0,4.2,30,32,42.356,2,1.7,1,1,4,99.15
455616247435.54,-0.58375549951051,2.57493053126570,0.30989338562219,1,0,0,4.2,30,32,42.356,2,1.7,1,1,4,99.15
455616247445.55,-0.63860889894759,2.60455223682020,0.32293155734924,1,0,0,4.2,30,32,42.356,2,1.7,1,1,4,99.15
455616247455.57,-0.69221254123309,2.62265151439080,0.34501079861564,0.5,0,0,4.2,30,32,42.356,2,1.7,1,1,4,99.15
455616247465.57,-0.74244161714827,2.63007606270260,0.37597759714570,0,0,0,4.2,30,32,42.356,2,1.7,1,1,4,99.15
455616247475.59,-0.78807239343985,2.63077780518190,0.41039701881470,1,0,0,4.2,30,32,42.356,2,1.7,1,1,4,99.15
455616247485.60,-0.82698862654008,2.62729175760980,0.44341914585618,0.5,0,0,4.2,30,32,42.356,2,1.7,1,1,4,99.15
455616247495.60,-0.85595455470849,2.61885658012430,0.47190326932412,1,0,0,4.2,30,32,42.356,2,1.7,1,1,4,99.15
455616247505.55,-0.87198043694176,2.60362504701740,0.49404597808165,0.5,0,0,4.2,30,32,42.356,2,1.7,1,1,4,99.15
455616247515.56,-0.87074568518219,2.58022062510770,0.50821629622755,1,0,0,4.2,30,32,42.356,2,1.7,1,1,4,99.15
455616247525.57,-0.84926215188397,2.54676831799780,0.51199953632507,0.5,0,0,4.2,30,32,42.356,2,1.7,1,1,4,99.15
455616247535.58,-0.81667393208290,2.50513098477310,0.50698179261592,0.5,0,0,4.2,30,32,42.356,2,1.7,1,1,4,99.15
455616247545.59,-0.78826419625166,2.46450232106280,0.49980385029833,1,0,0,4.2,30,32,42.356,2,1.7,1,1,4,99.15
455616247555.60,-0.77532782458137,2.43527036941980,0.49762832556273,0,0,0,4.2,30,32,42.356,2,1.7,1,1,4,99.15
455616247565.61,-0.78100124586317,2.42377271731460,0.50342891165568,0,0,0,4.2,30,32,42.356,2,1.7,1,1,4,99.15
455616247575.62,-0.79818313889511,2.42991706898740,0.51350509195236,1,0,0,4.2,30,32,42.356,2,1.7,1,1,4,99.15
455616247585.63,-0.81389960958370,2.44865229089110,0.51982883456097,0.5,0,0,4.2,30,32,42.356,2,1.7,1,1,4,99.15
455616247595.64,-0.82175923997747,2.47658719073130,0.51728690280747,1,0,0,4.2,30,32,42.356,2,1.7,1,1,4,99.15
455616247605.65,-0.82300698142908,2.51278241313130,0.50613124110192,1,0,0,4.2,30,32,42.356,2,1.7,1,1,4,99.15
455616247615.66,-0.81967393611502,2.55558206190990,0.48903931147750,0,0,0,4.2,30,32,42.356,2,1.7,1,1,4,99.15
455616247625.66,-0.81366930618518,2.60259028038340,0.46886531435512,1,0,0,4.2,30,32,42.356,2,1.7,1,1,4,99.15
455616247635.68,-0.80895147765476,2.65039404695040,0.44982944093563,0.5,0,0,4.2,30,32,42.356,2,1.7,1,1,4,99.15
455616247645.69,-0.80983183280661,2.69312799763350,0.43820439537206,1,0,0,4.2,30,32,42.356,2,1.7,1,1,4,99.15
455616247655.70,-0.81910601792811,2.72445491708350,0.43784926929408,0.5,0,0,4.2,30,32,42.356,2,1.7,1,1,4,99.15
455616247665.72,-0.83663104845139,2.74191975239550,0.44750563874603,0,0,0,4.2,30,32,42.356,2,1.7,1,1,4,99.15
455616247675.73,-0.85731373266164,2.74688110975450,0.46225943097143,1,0,0,4.2,30,32,42.356,2,1.7,1,1,4,99.15
455616247685.73,-0.86965088081240,2.74139076143820,0.47541344783765,0,0,0,4.2,30,32,42.356,2,1.7,1,1,4,99.15
455616247695.73,-0.86597387740069,2.72628009292590,0.48190706121716,0,0,0,4.2,30,32,42.356,2,1.7,1,1,4,99.15
455616247705.74,-0.84521439075398,2.70219086990420,0.48012018203780,1,0,0,4.2,30,32,42.356,2,1.7,1,1,4,99.15
455616247715.76,-0.81053586879813,2.67064966867270,0.47151459255747,1,0,0,4.2,30,32,42.356,2,1.7,1,1,4,99.15
455616247725.77,-0.76590956394072,2.63236614925950,0.45775965035303,1,0,0,4.2,30,32,42.356,2,1.7,1,1,4,99.15
455616247735.77,-0.71667368282841,2.58810920347920,0.43999393995141,0,0,0,4.2,30,32,42.356,2,1.7,1,1,4,99.15
455616247745.79,-0.66965183679408,2.54001546585530,0.42074079133641,0,0,0,4.2,30,32,42.356,2,1.7,1,1,4,99.15
455616247755.79,-0.62993260656980,2.49175094274290,0.40235830561655,1,0,0,4.2,30,32,42.356,2,1.7,1,1,4,99.15
455616247765.80,-0.59987974269642,2.44869093746650,0.38545421381860,1,0,0,4.2,30,32,42.356,2,1.7,1,1,4,99.15
455616247775.81,-0.58189775525479,2.41547102848010,0.37136581623083,1,0,0,4.2,30,32,42.356,2,1.7,1,1,4,99.15
455616247785.84,-0.57793196317669,2.39687127360290,0.36313971944635,0,0,0,4.2,30,32,42.356,2,1.7,1,1,4,99.15
455616247795.85,-0.58660454113755,2.39631311568490,0.36259660054020,0.5,0,0,4.2,30,32,42.356,2,1.7,1,1,4,99.15
455616247805.85,-0.60147820790707,2.41280908139710,0.36629454296222,0.5,0,0,4.2,30,32,42.356,2,1.7,1,1,4,99.15
455616247815.86,-0.61685865852963,2.44226780190140,0.36861033339930,0,0,0,4.2,30,32,42.356,2,1.7,1,1,4,99.15
455616247825.87,-0.63108471073199,2.48110109342570,0.36754891872236,0.5,0,0,4.2,30,32,42.356,2,1.7,1,1,4,99.15
455616247835.88,-0.64448152791822,2.52657112091650,0.36405611726083,0.5,0,0,4.2,30,32,42.356,2,1.7,1,1,4,99.15
455616247845.88,-0.66054203218430,2.57581178266770,0.36077077150991,0.5,0,0,4.2,30,32,42.356,2,1.7,1,1,4,99.15
455616247855.89,-0.68524790185241,2.62622910346870,0.36132467891883,0.5,0,0,4.2,30,32,42.356,2,1.7,1,1,4,99.15
455616247865.91,-0.72138823977511,2.67398096259690,0.36862146081968,0,0,0,4.2,30,32,42.356,2,1.7,1,1,4,99.15
455616247875.92,-0.77048667979885,2.71216452162410,0.38428374861121,0.5,0,0,4.2,30,32,42.356,2,1.7,1,1,4,99.15
455616247885.93,-0.83507437317303,2.73652768879450,0.40922589983771,0.5,0,0,4.2,30,32,42.356,2,1.7,1,1,4,99.15
455616247895.94,-0.91240896662166,2.74899290220680,0.44418940246434,0,0,0,4.2,30,32,42.356,2,1.7,1,1,4,99.15
455616247905.95,-0.99635110953116,2.75460796617520,0.48665827746027,1,0,0,4.2,30,32,42.356,2,1.7,1,1,4,99.15
455616247915.96,-1.07571022324250,2.75631466150880,0.53015229127762,0,0,0,4.2,30,32,42.356,2,1.7,1,1,4,99.15
455616247925.98,-1.12705773075910,2.75076372430280,0.56458774898161,0.5,0,0,4.2,30,32,42.356,2,1.7,1,1,4,99.15
455616247935.98,-1.13277181340240,2.73004866242820,0.58137517915304,1,0,0,4.2,30,32,42.356,2,1.7,1,1,4,99.15
455616247945.99,-1.09302375203480,2.69071350198380,0.57866221252235,0,0,0,4.2,30,32,42.356,2,1.7,1,1,4,99.15
455616247955.99,-1.02455908381630,2.64007134678630,0.56026751804972,0,0,0,4.2,30,32,42.356,2,1.7,1,1,4,99.15
455616247966.01,-0.94569107959034,2.58827682253480,0.53166532124833,1,0,0,4.2,30,32,42.356,2,1.7,1,1,4,99.15
455616247976.02,-0.87119243336456,2.54264449843130,0.49941405763825,0,0,0,4.2,30,32,42.356,2,1.7,1,1,4,99.15
455616247986.02,-0.80997797934111,2.50977974773650,0.46995894574893,0,0,0,4.2,30,32,42.356,2,1.7,1,1,4,99.15
455616247996.04,-0.76430081983898,2.49324217054320,0.44699490817210,0,0,0,4.2,30,32,42.356,2,1.7,1,1,4,99.15
455616248006.05,-0.73344110057735,2.49251854857940,0.43079069355633,0,0,0,4.2,30,32,42.356,2,1.7,1,1,4,99.15
455616248016.08,-0.71621182564003,2.50547194556470,0.42076632837442,0.5,0,0,4.2,30,32,42.356,2,1.7,1,1,4,99.15
455616248026.07,-0.71342579793909,2.53016644920990,0.41623355963550,0.5,0,0,4.2,30,32,42.356,2,1.7,1,1,4,99.15
455616248036.08,-0.72494058806653,2.56390054296570,0.41552525245810,1,0,0,4.2,30,32,42.356,2,1.7,1,1,4,99.15
455616248046.09,-0.75128741294839,2.60271508134640,0.41771866765695,0,0,0,4.2,30,32,42.356,2,1.7,1,1,4,99.15
455616248056.10,-0.79350233321291,2.64376593546860,0.42355928841340,1,0,0,4.2,30,32,42.356,2,1.7,1,1,4,99.15
455616248066.11,-0.85115324661583,2.68561972548020,0.43471473481153,0.5,0,0,4.2,30,32,42.356,2,1.7,1,1,4,99.15
455616248076.12,-0.92150087156209,2.72691631904740,0.45208682170160,0,0,0,4.2,30,32,42.356,2,1.7,1,1,4,99.15
455616248086.14,-1.00182769213980,2.76599693652350,0.47529451905077,1,0,0,4.2,30,32,42.356,2,1.7,1,1,4,99.15
455616248096.14,-1.08771787368970,2.80178987117790,0.50337800041468,0.5,0,0,4.2,30,32,42.356,2,1.7,1,1,4,99.15
455616248106.15,-1.16621168787630,2.83126987791700,0.53279910463281,0,0,0,4.2,30,32,42.356,2,1.7,1,1,4,99.15
455616248116.17,-1.22331818158310,2.84866390024760,0.55841822629021,0,0,0,4.2,30,32,42.356,2,1.7,1,1,4,99.15
455616248126.17,-1.25178256003360,2.84955253728180,0.57731591987089,1,0,0,4.2,30,32,42.356,2,1.7,1,1,4,99.15
455616248136.18,-1.25220358427400,2.83430987813820,0.58886635275982,0,0,0,4.2,30,32,42.356,2,1.7,1,1,4,99.15
455616248146.21,-1.23054903231830,2.80636509119840,0.59355546099018,1,0,0,4.2,30,32,42.356,2,1.7,1,1,4,99.15
455616248156.22,-1.19208589786400,2.76821848619110,0.59211770408976,1,0,0,4.2,30,32,42.356,2,1.7,1,1,4,99.15
455616248166.22,-1.13829643946340,2.72177958906050,0.58376292115230,1,0,1,4.267,32.5,37,47.427,1,1.24,0,4,2,93.27
455616248176.24,-1.07014444820110,2.66947891737670,0.56689849697161,0.5,0,1,4.267,32.5,37,47.427,1,1.24,0,4,2,93.27
455616248186.24,-0.99568734038136,2.61713824649420,0.54273770651685,0.5,0,1,4.267,32.5,37,47.427,1,1.24,0,4,2,93.27
455616248196.25,-0.93037149291160,2.57514353201710,0.51702183195235,1,0,1,4.267,32.5,37,47.427,1,1.24,0,4,2,93.27
455616248206.27,-0.88577220832055,2.55343262216230,0.49667358530436,0,0,1,4.267,32.5,37,47.427,1,1.24,0,4,2,93.27
455616248216.27,-0.86516688468062,2.55369506858860,0.48463564829422,0.5,0,1,4.267,32.5,37,47.427,1,1.24,0,4,2,93.27
455616248226.28,-0.86747105338142,2.57212694670160,0.48103058482343,1,0,1,4.267,32.5,37,47.427,1,1.24,0,4,2,93.27
455616248236.29,-0.88543390328978,2.60463602000310,0.48299438571532,0.5,1,1,4.267,32.5,37,47.427,1,1.24,0,4,2,93.27
455616248246.29,-0.90887232735805,2.64603911614670,0.48373942984481,1,0,1,4.267,32.5,37,47.427,1,1.24,0,4,2,93.27
455616248256.31,-0.93029590483122,2.69207563311140,0.47844645400526,0,0,1,4.267,32.5,37,47.427,1,1.24,0,4,2,93.27
455616248266.32,-0.94870365908525,2.74060805466750,0.46814866427521,1,0,1,4.267,32.5,37,47.427,1,1.24,0,4,2,93.27
455616248276.33,-0.96899476201908,2.79150949413980,0.45797523575841,1,0,1,4.267,32.5,37,47.427,1,1.24,0,4,2,93.27
455616248286.34,-0.99900496364211,2.84412496768440,0.45272020438783,1,0,1,4.267,32.5,37,47.427,1,1.24,0,4,2,93.27
455616248296.36,-1.04298911988270,2.89453422117980,0.45521290812759,0,0,1,4.267,32.5,37,47.427,1,1.24,0,4,2,93.27
455616248306.37,-1.10074709617970,2.93700539368470,0.46650359021095,0.5,1,1,4.267,32.5,37,47.427,1,1.24,0,4,2,93.27
455616248316.37,-1.17247966406130,2.96915977814340,0.48631471269842,0,0,1,4.267,32.5,37,47.427,1,1.24,0,4,2,93.27
455616248326.38,-1.25553371574980,2.99200888870860,0.51328860345867,0.5,1,1,4.267,32.5,37,47.427,1,1.24,0,4,2,93.27
455616248336.39,-1.34451171471310,3.00814380009140,0.54431201241036,1,0,1,4.267,32.5,37,47.427,1,1.24,0,4,2,93.27
455616248346.40,-1.43188893168540,3.01953791723940,0.57613622944758,0,0,1,4.267,32.5,37,47.427,1,1.24,0,4,2,93.27
455616248356.40,-1.50632758833480,3.02549582254580,0.60547957803584,0.5,1,1,4.267,32.5,37,47.427,1,1.24,0,4,2,93.27
455616248366.41,-1.55724035992230,3.02251576382510,0.62974512315645,0,0,1,4.267,32.5,37,47.427,1,1.24,0,4,2,93.27
455616248376.42,-1.57253960498670,3.00544165140280,0.64598434731959,0.5,1,1,4.267,32.5,37,47.427,1,1.24,0,4,2,93.27
455616248386.45,-1.53607983606450,2.96742030234990,0.64996211136262,0.5,1,1,4.267,32.5,37,47.427,1,1.24,0,4,2,93.27
455616248396.46,-1.45011063188670,2.90872560199930,0.63883822754394,0.5,1,1,4.267,32.5,37,47.427,1,1.24,0,4,2,93.27
455616248406.46,-1.34212493868880,2.84520640369200,0.61455465662450,0,0,1,4.267,32.5,37,47.427,1,1.24,0,4,2,93.27
455616248416.47,-1.24886405884800,2.79912605989870,0.58478979208410,1,0,1,4.267,32.5,37,47.427,1,1.24,0,4,2,93.27
455616248426.48,-1.19257812510130,2.78295151179030,0.55958281373652,0.5,1,1,4.267,32.5,37,47.427,1,1.24,0,4,2,93.27
455616248436.49,-1.17534681465870,2.79490599144270,0.54392825521065,0.5,1,1,4.267,32.5,37,47.427,1,1.24,0,4,2,93.27
455616248446.50,-1.19176905633530,2.82653500489900,0.53729348511631,1,0,1,4.267,32.5,37,47.427,1,1.24,0,4,2,93.27
455616248456.51,-1.23430308270040,2.87035233156490,0.53660949485547,1,0,1,4.267,32.5,37,47.427,1,1.24,0,4,2,93.27
455616248466.52,-1.29670256738580,2.91867705713460,0.53903156151071,0.5,1,1,4.267,32.5,37,47.427,1,1.24,0,4,2,93.27
455616248476.53,-1.37884721378420,2.96705690245120,0.54429900092965,0.5,1,1,4.267,32.5,37,47.427,1,1.24,0,4,2,93.27
455616248486.54,-1.47519142391560,3.01481470865000,0.55265177196813,0.5,1,1,4.267,32.5,37,47.427,1,1.24,0,4,2,93.27
455616248496.55,-1.57493779164130,3.06118292132590,0.56306582301544,1,0,1,4.267,32.5,37,47.427,1,1.24,0,4,2,93.27
455616248506.56,-1.67116531891210,3.10515998939850,0.57488163814870,0.5,1,1,4.267,32.5,37,47.427,1,1.24,0,4,2,93.27
455616248516.57,-1.76081608623270,-3.13700971374750,0.58848256017784,0.5,1,1,4.267,32.5,37,47.427,1,1.24,0,4,2,93.27
455616248526.58,-1.84510819356280,-3.09896068017790,0.60406131669691,0.5,1,1,4.267,32.5,37,47.427,1,1.24,0,4,2,93.27
455616248536.59,-1.93193155429230,-3.06158197113640,0.62094227757796,1,0,1,4.267,32.5,37,47.427,1,1.24,0,4,2,93.27
455616248546.60,-2.02603527320970,-3.02203594607590,0.63680072568045,0,0,1,4.267,32.5,37,47.427,1,1.24,0,4,2,93.27
455616248556.61,-2.12667185847310,-2.98035605205730,0.64941113826292,0,0,1,4.267,32.5,37,47.427,1,1.24,0,4,2,93.27
455616248566.62,-2.23395913366790,-2.93703210944170,0.65753737490214,1,0,1,4.267,32.5,37,47.427,1,1.24,0,4,2,93.27
455616248576.63,-2.34353201006140,-2.89335113526330,0.65964307503531,0.5,1,1,4.267,32.5,37,47.427,1,1.24,0,4,2,93.27
455616248586.64,-2.43905048196190,-2.85562734557540,0.65525538675010,0.5,1,1,4.267,32.5,37,47.427,1,1.24,0,4,2,93.27
455616248596.66,-2.50215838750260,-2.83174497474470,0.64809910003859,0,0,1,4.267,32.5,37,47.427,1,1.24,0,4,2,93.27
455616248606.66,-2.52497836172630,-2.82494964212490,0.64363961733052,1,0,1,4.267,32.5,37,47.427,1,1.24,0,4,2,93.27
455616248616.67,-2.50820233168730,-2.83424443003940,0.64283655870836,0.5,1,1,4.267,32.5,37,47.427,1,1.24,0,4,2,93.27
455616248626.67,-2.45208920398740,-2.85861637740350,0.64293849417988,0,0,1,4.267,32.5,37,47.427,1,1.24,0,4,2,93.27
455616248636.68,-2.36677380755430,-2.89418986614910,0.64082242270597,0,0,1,4.267,32.5,37,47.427,1,1.24,0,4,2,93.27
455616248646.70,-2.26929243243870,-2.93180259560120,0.63430058149365,0.5,1,1,4.267,32.5,37,47.427,1,1.24,0,4,2,93.27
455616248656.70,-2.17940686617100,-2.96088496156120,0.62398057421503,0.5,1,1,4.267,32.5,37,47.427,1,1.24,0,4,2,93.27
455616248666.71,-2.12049169482070,-2.97322299034550,0.61347498964581,0,0,1,4.267,32.5,37,47.427,1,1.24,0,4,2,93.27
455616248676.75,-2.11126100836700,-2.96555894704130,0.60729018091602,1,0,1,4.267,32.5,37,47.427,1,1.24,0,4,2,93.27
455616248686.74,-2.16811301285220,-2.93809894939440,0.60676383755211,0,0,1,4.267,32.5,37,47.427,1,1.24,0,4,2,93.27
455616248696.75,-2.28601895852660,-2.89376095681800,0.60716317957636,0.5,1,1,4.267,32.5,37,47.427,1,1.24,0,4,2,93.27
455616248706.76,-2.43119031169690,-2.83948270326430,0.60190436267352,1,0,1,4.267,32.5,37,47.427,1,1.24,0,4,2,93.27
455616248716.77,-2.56684704486540,-2.78590053440200,0.58940092434645,1,0,1,4.267,32.5,37,47.427,1,1.24,0,4,2,93.27
455616248726.78,-2.66648614987960,-2.74343999514630,0.57395908399750,0,0,1,4.267,32.5,37,47.427,1,1.24,0,4,2,93.27
455616248736.80,-2.71338677885380,-2.72012908618780,0.56374271149024,0.5,1,1,4.267,32.5,37,47.427,1,1.24,0,4,2,93.27
455616248746.80,-2.70051296371130,-2.72050963896010,0.56464974650206,0.5,1,1,4.267,32.5,37,47.427,1,1.24,0,4,2,93.27
455616248756.81,-2.62562242892560,-2.74611147545330,0.57723895938280,1,0,1,4.267,32.5,37,47.427,1,1.24,0,4,2,93.27
455616248766.82,-2.50402402225140,-2.79353260876000,0.59524520315041,0,0,1,4.267,32.5,37,47.427,1,1.24,0,4,2,93.27
455616248776.82,-2.36561092562690,-2.85321491720750,0.61031406649366,0,0,1,4.267,32.5,37,47.427,1,1.24,0,4,2,93.27
455616248786.83,-2.24998545534800,-2.90935515580120,0.61798430376760,0,0,1,4.267,32.5,37,47.427,1,1.24,0,4,2,93.27
455616248796.85,-2.19055919741690,-2.94464529274000,0.62056054087603,0,0,1,4.267,32.5,37,47.427,1,1.24,0,4,2,93.27
455616248806.86,-2.19490259120260,-2.95280832822220,0.62313375462607,1,0,1,4.267,32.5,37,47.427,1,1.24,0,4,2,93.27
455616248816.87,-2.24641854319790,-2.93814869016620,0.62632978079863,0,0,1,4.267,32.5,37,47.427,1,1.24,0,4,2,93.27
455616248826.90,-2.31984515710110,-2.90973395206500,0.62756496441609,1,0,1,4.267,32.5,37,47.427,1,1.24,0,4,2,93.27
455616248836.89,-2.39057632068210,-2.87772695810500,0.62433857355085,0.5,1,1,4.267,32.5,37,47.427,1,1.24,0,4,2,93.27
455616248846.90,-2.43526753516050,-2.85274546389170,0.61792445214337,0,0,1,4.267,32.5,37,47.427,1,1.24,0,4,2,93.27
455616248856.90,-2.43879567589240,-2.84365372902810,0.61319355531213,0.5,1,1,4.267,32.5,37,47.427,1,1.24,0,4,2,93.27
455616248866.92,-2.39999298185130,-2.85293996354880,0.61441129430924,0,0,1,4.267,32.5,37,47.427,1,1.24,0,4,2,93.27
455616248876.93,-2.33371562543260,-2.87588500814550,0.62004806389796,0.5,1,1,4.267,32.5,37,47.427,1,1.24,0,4,2,93.27
455616248886.96,-2.25745580440160,-2.90415420072680,0.62520602493852,1,0,1,4.267,32.5,37,47.427,1,1.24,0,4,2,93.27
455616248896.96,-2.18357987501970,-2.93179023419770,0.62895428602703,0,0,1,4.267,32.5,37,47.427,1,1.24,0,4,2,93.27
455616248906.96,-2.12562289284760,-2.95625405636180,0.63374263026147,1,0,1,4.267,32.5,37,47.427,1,1.24,0,4,2,93.27
455616248916.97,-2.10042683019220,-2.97351077866060,0.64032653348192,1,0,1,4.267,32.5,37,47.427,1,1.24,0,4,2,93.27
455616248926.98,-2.11503344088740,-2.97822955707970,0.64732566361441,0,0,1,4.267,32.5,37,47.427,1,1.24,0,4,2,93.27
455616248936.99,-2.15859101707430,-2.96986213907550,0.65261807844029,1,0,1,4.267,32.5,37,47.427,1,1.24,0,4,2,93.27
455616248947.01,-2.20658542659780,-2.95572566606970,0.65432144375457,1,0,1,4.267,32.5,37,47.427,1,1.24,0,4,2,93.27
455616248957.02,-2.23142406226310,-2.94724615114340,0.65334335034784,0,0,1,4.267,32.5,37,47.427,1,1.24,0,4,2,93.27
455616248967.02,-2.21323819973590,-2.95466344423040,0.65271273375910,0,0,1,4.267,32.5,37,47.427,1,1.24,0,4,2,93.27
455616248977.03,-2.14872551026400,-2.98159192956150,0.65416859815437,1,0,1,4.267,32.5,37,47.427,1,1.24,0,4,2,93.27
455616248987.05,-2.05134049187360,-3.02220565595230,0.65524154255929,1,0,1,4.267,32.5,37,47.427,1,1.24,0,4,2,93.27
455616248997.05,-1.93628768914020,-3.06750511952730,0.65294382231853,0,0,1,4.267,32.5,37,47.427,1,1.24,0,4,2,93.27
455616249007.07,-1.81884154111850,-3.11079537532990,0.64775883215329,0,0,1,4.267,32.5,37,47.427,1,1.24,0,4,2,93.27
455616249017.08,-1.71339700728970,3.13526718449500,0.64184965978113,0,0,1,4.267,32.5,37,47.427,1,1.24,0,4,2,93.27
455616249027.09,-1.63152185074230,3.10635741043550,0.63768075568284,0,0,1,4.267,32.5,37,47.427,1,1.24,0,4,2,93.27
455616249037.10,-1.57630396738610,3.08436186090020,0.63652965608193,1,0,1,4.267,32.5,37,47.427,1,1.24,0,4,2,93.27
455616249047.10,-1.54305081359860,3.06598834409770,0.63789982838934,1,0,1,4.267,32.5,37,47.427,1,1.24,0,4,2,93.27
455616249057.11,-1.52029315282970,3.04817596264220,0.63988044514797,1,0,1,4.267,32.5,37,47.427,1,1.24,0,4,2,93.27
455616249067.13,-1.49537211435890,3.02828541178810,0.64009154742146,0,0,1,4.267,32.5,37,47.427,1,1.24,0,4,2,93.27
455616249077.14,-1.45860963717860,3.00430997304560,0.63634464635651,1,0,1,4.267,32.5,37,47.427,1,1.24,0,4,2,93.27
455616249087.14,-1.40375795019850,2.97487480626270,0.62748772611560,1,0,1,4.267,32.5,37,47.427,1,1.24,0,4,2,93.27
455616249097.16,-1.33217275023410,2.94091463384770,0.61319862903112,1,0,1,4.267,32.5,37,47.427,1,1.24,0,4,2,93.27
455616249107.17,-1.24963767605870,2.90524464366040,0.59382517615248,1,0,1,4.267,32.5,37,47.427,1,1.24,0,4,2,93.27
455616249117.18,-1.16036020953550,2.86999861465740,0.56999426802410,1,0,1,4.267,32.5,37,47.427,1,1.24,0,4,2,93.27
455616249127.19,-1.06998416563420,2.83700388033480,0.54236706685579,1,0,1,4.267,32.5,37,47.427,1,1.24,0,4,2,93.27
455616249137.20,-0.98106353612812,2.80705511927720,0.51163759341018,1,0,1,4.267,32.5,37,47.427,1,1.24,0,4,2,93.27
455616249147.21,-0.89448917023480,2.77922428729030,0.47861714875202,1,0,1,4.267,32.5,37,47.427,1,1.24,0,4,2,93.27
455616249157.22,-0.81209315318816,2.75258521265500,0.44378739653083,0,0,1,4.267,32.5,37,47.427,1,1.24,0,4,2,93.27
455616249167.23,-0.73514331678124,2.72723421293390,0.40786530065882,0,3,5,3.9,27,30,34.62,7,2.024,9,9,3,156.9
455616249177.24,-0.66458168868420,2.70344053390030,0.37123595250628,0.5,3,5,3.9,27,30,34.62,7,2.024,9,9,3,156.9
455616249187.25,-0.60319348061480,2.68200358806620,0.33402191181289,1,3,5,3.9,27,30,34.62,7,2.024,9,9,3,156.9
455616249197.26,-0.55318273392776,2.66308834293720,0.29773765694308,0,3,5,3.9,27,30,34.62,7,2.024,9,9,3,156.9
455616249207.27,-0.51405748859176,2.64550079416530,0.26402044299427,1,3,5,3.9,27,30,34.62,7,2.024,9,9,3,156.9
455616249217.28,-0.48261639863998,2.62771195503380,0.23310289407038,0.5,3,5,3.9,27,30,34.62,7,2.024,9,9,3,156.9
455616249227.29,-0.45696379464226,2.60975410256030,0.20516684665403,0,3,5,3.9,27,30,34.62,7,2.024,9,9,3,156.9
455616249237.30,-0.43703225321509,2.59302509775980,0.18088771065151,0.5,3,5,3.9,27,30,34.62,7,2.024,9,9,3,156.9
455616249247.31,-0.42210327592342,2.57921302781690,0.16094878861913,0.5,3,5,3.9,27,30,34.62,7,2.024,9,9,3,156.9
455616249257.32,-0.41027516211125,2.56895058153830,0.14546908571480,0,3,5,3.9,27,30,34.62,7,2.024,9,9,3,156.9
455616249267.33,-0.39960433625000,2.56182333022930,0.13349433781793,0,3,5,3.9,27,30,34.62,7,2.024,9,9,3,156.9
455616249277.33,-0.38848750529929,2.55715841504800,0.12351329136653,0.5,3,5,3.9,27,30,34.62,7,2.024,9,9,3,156.9
455616249287.35,-0.37598737682114,2.55481969684470,0.11412927230117,1,3,5,3.9,27,30,34.62,7,2.024,9,9,3,156.9
455616249297.36,-0.36240363978204,2.55463618980710,0.10452772636413,1,3,5,3.9,27,30,34.62,7,2.024,9,9,3,156.9
455616249307.36,-0.34815164261023,2.55582086654870,0.09460209529482,0.5,3,5,3.9,27,30,34.62,7,2.024,9,9,3,156.9
455616249317.38,-0.33383180914138,2.55714007232580,0.08472329906584,1,3,5,3.9,27,30,34.62,7,2.024,9,9,3,156.9
455616249327.39,-0.32109889341714,2.55777088216880,0.07596354250105,0,3,5,3.9,27,30,34.62,7,2.024,9,9,3,156.9
455616249337.41,-0.31156335513971,2.55794418320060,0.06985295646005,0,3,5,3.9,27,30,34.62,7,2.024,9,9,3,156.9
455616249347.41,-0.30548921131916,2.55787796234610,0.06664921954788,1,3,5,3.9,27,30,34.62,7,2.024,9,9,3,156.9
455616249357.42,-0.30172386637361,2.55762361684790,0.06516091337656,1,3,5,3.9,27,30,34.62,7,2.024,9,9,3,156.9
455616249367.44,-0.29901458498087,2.55743389820880,0.06389150786273,0,3,5,3.9,27,30,34.62,7,2.024,9,9,3,156.9
455616249377.44,-0.29567574136304,2.55799806591060,0.06239342384001,1,3,5,3.9,27,30,34.62,7,2.024,9,9,3,156.9
455616249387.45,-0.29086592777861,2.55987588253390,0.06104890991894,1,3,5,3.9,27,30,34.62,7,2.024,9,9,3,156.9
455616249397.45,-0.28490299857636,2.56291680553020,0.06000079017391,0,3,5,3.9,27,30,34.62,7,2.024,9,9,3,156.9
455616249407.47,-0.27761395062628,2.56633764691880,0.05861826471229,1,3,5,3.9,27,30,34.62,7,2.024,9,9,3,156.9
455616249417.47,-0.27072638575591,2.57060244113220,0.05682759477490,1,3,5,3.9,27,30,34.62,7,2.024,9,9,3,156.9
455616249427.50,-0.26482709172357,2.57663640043260,0.05487555680252,0.5,3,5,3.9,27,30,34.62,7,2.024,9,9,3,156.9
455616249437.50,-0.25813834953273,2.58330751055700,0.05174153639292,1,3,5,3.9,27,30,34.62,7,2.024,9,9,3,156.9
455616249447.51,-0.25221862008379,2.58965074326570,0.04744925269621,1,3,5,3.9,27,30,34.62,7,2.024,9,9,3,156.9
455616249457.52,-0.24995642617488,2.59576739767540,0.04231629458785,1,3,5,3.9,27,30,34.62,7,2.024,9,9,3,156.9
455616249467.53,-0.24438418108185,2.60157772820130,0.03923071991957,0,3,5,3.9,27,30,34.62,7,2.024,9,9,3,156.9
455616249477.54,-0.23865711298033,2.60733785161820,0.03791415715644,0,3,5,3.9,27,30,34.62,7,2.024,9,9,3,156.9
455616249487.54,-0.23198106817787,2.61297713195390,0.03839440816297,0,3,5,3.9,27,30,34.62,7,2.024,9,9,3,156.9
455616249497.57,-0.22517878083538,2.61826033254200,0.03989719350575,1,3,5,3.9,27,30,34.62,7,2.024,9,9,3,156.9
455616249507.58,-0.21709130195668,2.62300733230110,0.04161313531580,1,3,5,3.9,27,30,34.62,7,2.024,9,9,3,156.9
455616249517.58,-0.21092069188270,2.62724423786500,0.04307864273090,1,3,5,3.9,27,30,34.62,7,2.024,9,9,3,156.9
455616249527.59,-0.20898782564844,2.63100815221230,0.04440753919634,0.5,3,5,3.9,27,30,34.62,7,2.024,9,9,3,156.9
455616249537.59,-0.21114283834063,2.63405819921410,0.04565432708830,1,3,5,3.9,27,30,34.62,7,2.024,9,9,3,156.9
455616249547.61,-0.21506289073766,2.63579721812130,0.04674600106958,0,3,5,3.9,27,30,34.62,7,2.024,9,9,3,156.9
455616249557.61,-0.21874349055592,2.63651348217090,0.04796413009642,1,3,5,3.9,27,30,34.62,7,2.024,9,9,3,156.9
455616249567.62,-0.22137203373511,2.63721134445500,0.04936627939503,1,3,5,3.9,27,30,34.62,7,2.024,9,9,3,156.9
455616249577.64,-0.22238563955519,2.63879751685500,0.04985105792654,1,3,5,3.9,27,30,34.62,7,2.024,9,9,3,156.9
455616249587.65,-0.22181330106672,2.64204219879770,0.04804853291195,0.5,3,5,3.9,27,30,34.62,7,2.024,9,9,3,156.9
455616249597.66,-0.22045614967653,2.64699302575420,0.04388088805469,0.5,3,5,3.9,27,30,34.62,7,2.024,9,9,3,156.9
455616249607.67,-0.21986644636257,2.65372794646150,0.03870430631315,0.5,3,5,3.9,27,30,34.62,7,2.024,9,9,3,156.9
455616249617.68,-0.22032958519633,2.66154681209010,0.03352269859407,0.5,3,5,3.9,27,30,34.62,7,2.024,9,9,3,156.9
455616249627.69,-0.22133797286623,2.66941509299340,0.02827672578847,1,3,5,3.9,27,30,34.62,7,2.024,9,9,3,156.9
455616249637.70,-0.22295723299571,2.67723837312320,0.02289466757242,0.5,3,5,3.9,27,30,34.62,7,2.024,9,9,3,156.9
455616249647.71,-0.22558274089718,2.68516250098420,0.01764372409646,0,3,5,3.9,27,30,34.62,7,2.024,9,9,3,156.9
455616249657.72,-0.22875535273317,2.69331066854180,0.01312546083311,1,3,5,3.9,27,30,34.62,7,2.024,9,9,3,156.9
455616249667.73,-0.23249734769520,2.70246433073390,0.00999702445326,0.5,3,5,3.9,27,30,34.62,7,2.024,9,9,3,156.9
455616249677.74,-0.23723484735613,2.71376361876370,0.00914990623297,0,3,5,3.9,27,30,34.62,7,2.024,9,9,3,156.9
455616249687.75,-0.24310046615291,2.72709167822700,0.01032382263751,0.5,3,5,3.9,27,30,34.62,7,2.024,9,9,3,156.9
455616249697.78,-0.25043262398243,2.74135123038830,0.01306761188585,0,3,5,3.9,27,30,34.62,7,2.024,9,9,3,156.9
455616249707.78,-0.25797667525219,2.75484941577570,0.01677915474540,1,3,5,3.9,27,30,34.62,7,2.024,9,9,3,156.9
455616249717.78,-0.26560514190082,2.76760221735340,0.02108621749260,0.5,3,5,3.9,27,30,34.62,7,2.024,9,9,3,156.9
455616249727.81,-0.27346889459334,2.77910949809010,0.02449013787061,1,3,5,3.9,27,30,34.62,7,2.024,9,9,3,156.9
455616249737.81,-0.27979474259409,2.78908014494320,0.02602348280682,1,3,5,3.9,27,30,34.62,7,2.024,9,9,3,156.9
455616249747.81,-0.28316301357953,2.79783337307440,0.02584088316859,1,3,5,3.9,27,30,34.62,7,2.024,9,9,3,156.9
455616249757.84,-0.28430537003235,2.80649400072410,0.02557456963474,0.5,3,5,3.9,27,30,34.62,7,2.024,9,9,3,156.9
455616249767.85,-0.28480629637856,2.81584298234930,0.02680298079631,1,3,5,3.9,27,30,34.62,7,2.024,9,9,3,156.9
455616249777.86,-0.28494254909814,2.82577138998900,0.03019920725821,0.5,3,5,3.9,27,30,34.62,7,2.024,9,9,3,156.9
455616249787.87,-0.28447562312516,2.83588101842190,0.03503434108553,0,3,5,3.9,27,30,34.62,7,2.024,9,9,3,156.9
455616249797.88,-0.28340352654965,2.84527794046650,0.04021566745099,0,3,5,3.9,27,30,34.62,7,2.024,9,9,3,156.9
455616249807.88,-0.28236353483537,2.85308380784950,0.04499288548100,0,3,5,3.9,27,30,34.62,7,2.024,9,9,3,156.9
455616249817.89,-0.28407224084946,2.85862379108190,0.04958458818998,0,3,5,3.9,27,30,34.62,7,2.024,9,9,3,156.9
455616249827.90,-0.29623409629973,2.86227158600730,0.06106444146919,0,3,5,3.9,27,30,34.62,7,2.024,9,9,3,156.9
455616249837.91,-0.29886831284232,2.86345335160130,0.06375923161677,0,3,5,3.9,27,30,34.62,7,2.024,9,9,3,156.9
455616249847.91,-0.29991265773079,2.86316482342560,0.06574117446228,0,3,5,3.9,27,30,34.62,7,2.024,9,9,3,156.9
455616249857.94,-0.29995858493375,2.86222174781570,0.06798560320784,0,0,0,3.9,47,52,45.7,1,1,0,3,0,88.1
455616249867.95,-0.29972556387647,2.86156037874030,0.07333164162748,1,0,0,3.9,47,52,45.7,1,1,0,3,0,88.1
455616249877.95,-0.29865603997041,2.86164578749110,0.07736335636216,0,0,0,3.9,47,52,45.7,1,1,0,3,0,88.1
455616249887.96,-0.29707140565184,2.86208485756160,0.08145758209714,1,0,0,3.9,47,52,45.7,1,1,0,3,0,88.1
455616249897.97,-0.29451845782477,2.86221266503630,0.08483894192411,1,0,0,3.9,47,52,45.7,1,1,0,3,0,88.1
455616249907.98,-0.30255680486515,2.86253956914190,0.09206849498481,1,0,0,3.9,47,52,45.7,1,1,0,3,0,88.1
455616249917.98,-0.29866037579764,2.86077072942990,0.09311406890681,1,0,0,3.9,47,52,45.7,1,1,0,3,0,88.1
455616249927.99,-0.29458209640207,2.85816702163680,0.09363338704094,1,0,0,3.9,47,52,45.7,1,1,0,3,0,88.1
455616249938.01,-0.29038271287875,2.85546610765260,0.09391980753077,1,0,0,3.9,47,52,45.7,1,1,0,3,0,88.1
455616249948.03,-0.28519781302256,2.85327814970660,0.09462354473496,1,0,0,3.9,47,52,45.7,1,1,0,3,0,88.1
455616249958.03,-0.28012870534110,2.85190990099750,0.09488259807080,1,0,0,3.9,47,52,45.7,1,1,0,3,0,88.1
455616249968.04,-0.27496443363113,2.85119406015920,0.09530025438344,0,0,0,3.9,47,52,45.7,1,1,0,3,0,88.1
455616249978.05,-0.26963370931394,2.85086816436960,0.09570566506562,0,0,0,3.9,47,52,45.7,1,1,0,3,0,88.1
455616249988.06,-0.26293739917013,2.85062067600920,0.09668732381919,0,0,0,3.9,47,52,45.7,1,1,0,3,0,88.1
455616249998.07,-0.25810207545219,2.85065196330740,0.09664928438132,0,0,0,3.9,47,52,45.7,1,1,0,3,0,88.1
455616250008.08,-0.25408945367954,2.85061545526820,0.09651068465140,1,0,0,3.9,47,52,45.7,1,1,0,3,0,88.1
455616250018.09,-0.25139638752140,2.85031459875030,0.09655346944932,0,0,0,3.9,47,52,45.7,1,1,0,3,0,88.1
455616250028.10,-0.25036273039890,2.84968767537880,0.09719448964861,0,0,0,3.9,47,52,45.7,1,1,0,3,0,88.1
455616250038.11,-0.24904185523011,2.84884513269080,0.09789812030937,1,0,0,3.9,47,52,45.7,1,1,0,3,0,88.1
455616250048.12,-0.24790853094258,2.84813901621390,0.09866068619780,1,0,0,3.9,47,52,45.7,1,1,0,3,0,88.1
455616250058.13,-0.24672827974867,2.84783776120140,0.09938797437365,1,0,0,3.9,47,52,45.7,1,1,0,3,0,88.1
455616250068.14,-0.24365360011824,2.84787849634070,0.10129762359580,1,0,0,3.9,47,52,45.7,1,1,0,3,0,88.1
455616250078.15,-0.24256360145494,2.84861643313220,0.10183711815927,0,0,0,3.9,47,52,45.7,1,1,0,3,0,88.1
455616250088.16,-0.24136077787988,2.84965986747080,0.10207303220470,1,0,0,3.9,47,52,45.7,1,1,0,3,0,88.1
455616250098.17,-0.24003363770346,2.85067680887160,0.10193257046076,1,0,0,3.9,47,52,45.7,1,1,0,3,0,88.1
455616250108.18,-0.24053412242486,2.85146285976400,0.10284906697793,1,0,0,3.9,47,52,45.7,1,1,0,3,0,88.1
455616250118.19,-0.23991172846109,2.85158779684480,0.10230071891479,1,0,0,3.9,47,52,45.7,1,1,0,3,0,88.1
455616250128.20,-0.24005924343074,2.85150735844940,0.10336737122822,0,0,0,3.9,47,52,45.7,1,1,0,3,0,88.1
455616250138.21,-0.23949065327999,2.85127571699990,0.10369918703820,1,0,0,3.9,47,52,45.7,1,1,0,3,0,88.1
455616250148.22,-0.23930065943859,2.85122882925720,0.10454228179458,0,0,0,3.9,47,52,45.7,1,1,0,3,0,88.1
455616250158.23,-0.23941751373753,2.85157847011440,0.10544889814275,1,0,0,3.9,47,52,45.7,1,1,0,3,0,88.1
455616250168.24,-0.23966433358810,2.85228563935810,0.10589050289098,1,0,0,3.9,47,52,45.7,1,1,0,3,0,88.1
455616250178.25,-0.23975429895654,2.85308159911570,0.10620708239111,1,0,0,3.9,47,52,45.7,1,1,0,3,0,88.1
455616250188.26,-0.23949797639089,2.85383752551030,0.10649840135559,1,0,0,3.9,47,52,45.7,1,1,0,3,0,88.1
455616250198.27,-0.23874500411002,2.85450898418980,0.10684486095430,1,0,0,3.9,47,52,45.7,1,1,0,3,0,88.1
455616250208.28,-0.23744313631243,2.85504172518390,0.10701366587551,0,0,0,3.9,47,52,45.7,1,1,0,3,0,88.1
455616250218.29,-0.23636658922285,2.85438294277440,0.10383588176561,1,0,0,3.9,47,52,45.7,1,1,0,3,0,88.1
455616250228.30,-0.23679738628033,2.85262035772650,0.09872332581097,0,0,0,3.9,47,52,45.7,1,1,0,3,0,88.1
455616250238.30,-0.23622042840972,2.85049849999000,0.09379577418162,1,0,0,3.9,47,52,45.7,1,1,0,3,0,88.1
455616250248.32,-0.23770199754993,2.84872610781840,0.08961473173820,1,0,0,3.9,47,52,45.7,1,1,0,3,0,88.1
455616250258.33,-0.23983951527555,2.84796066001950,0.08821533240869,0,0,0,3.9,47,52,45.7,1,1,0,3,0,88.1
